-- MySQL dump 10.13  Distrib 8.0.25, for Win64 (x86_64)
--
-- Host: localhost    Database: petlover
-- ------------------------------------------------------
-- Server version	8.0.25

/*!40101 SET @OLD_CHARACTER_SET_CLIENT=@@CHARACTER_SET_CLIENT */;
/*!40101 SET @OLD_CHARACTER_SET_RESULTS=@@CHARACTER_SET_RESULTS */;
/*!40101 SET @OLD_COLLATION_CONNECTION=@@COLLATION_CONNECTION */;
/*!50503 SET NAMES utf8 */;
/*!40103 SET @OLD_TIME_ZONE=@@TIME_ZONE */;
/*!40103 SET TIME_ZONE='+00:00' */;
/*!40014 SET @OLD_UNIQUE_CHECKS=@@UNIQUE_CHECKS, UNIQUE_CHECKS=0 */;
/*!40014 SET @OLD_FOREIGN_KEY_CHECKS=@@FOREIGN_KEY_CHECKS, FOREIGN_KEY_CHECKS=0 */;
/*!40101 SET @OLD_SQL_MODE=@@SQL_MODE, SQL_MODE='NO_AUTO_VALUE_ON_ZERO' */;
/*!40111 SET @OLD_SQL_NOTES=@@SQL_NOTES, SQL_NOTES=0 */;

--
-- Table structure for table `auth_group`
--  `petapp`.
USE petapp;

DROP TABLE IF EXISTS `petapp`.`auth_group`;
/*!40101 SET @saved_cs_client     = @@character_set_client */;
/*!50503 SET character_set_client = utf8mb4 */;
CREATE TABLE `petapp`.`auth_group` (
  `id` int NOT NULL AUTO_INCREMENT,
  `name` varchar(150) NOT NULL,
  PRIMARY KEY (`id`),
  UNIQUE KEY `name` (`name`)
) ENGINE=InnoDB DEFAULT CHARSET=utf8mb4 COLLATE=utf8mb4_0900_ai_ci;
/*!40101 SET character_set_client = @saved_cs_client */;

--
-- Dumping data for table `auth_group`
--

LOCK TABLES `petapp`.`auth_group` WRITE;
/*!40000 ALTER TABLE `auth_group` DISABLE KEYS */;
/*!40000 ALTER TABLE `auth_group` ENABLE KEYS */;
UNLOCK TABLES;

--
-- Table structure for table `auth_group_permissions`
--

DROP TABLE IF EXISTS `petapp`.`auth_group_permissions`;
/*!40101 SET @saved_cs_client     = @@character_set_client */;
/*!50503 SET character_set_client = utf8mb4 */;
CREATE TABLE `petapp`.`auth_group_permissions` (
  `id` int NOT NULL AUTO_INCREMENT,
  `group_id` int NOT NULL,
  `permission_id` int NOT NULL,
  PRIMARY KEY (`id`),
  UNIQUE KEY `auth_group_permissions_group_id_permission_id_0cd325b0_uniq` (`group_id`,`permission_id`),
  KEY `auth_group_permissio_permission_id_84c5c92e_fk_auth_perm` (`permission_id`),
  CONSTRAINT `auth_group_permissio_permission_id_84c5c92e_fk_auth_perm` FOREIGN KEY (`permission_id`) REFERENCES `auth_permission` (`id`),
  CONSTRAINT `auth_group_permissions_group_id_b120cbf9_fk_auth_group_id` FOREIGN KEY (`group_id`) REFERENCES `auth_group` (`id`)
) ENGINE=InnoDB DEFAULT CHARSET=utf8mb4 COLLATE=utf8mb4_0900_ai_ci;
/*!40101 SET character_set_client = @saved_cs_client */;

--
-- Dumping data for table `auth_group_permissions`
--

LOCK TABLES `petapp`.`auth_group_permissions` WRITE;
/*!40000 ALTER TABLE `auth_group_permissions` DISABLE KEYS */;
/*!40000 ALTER TABLE `auth_group_permissions` ENABLE KEYS */;
UNLOCK TABLES;

--
-- Table structure for table `auth_permission`
--

DROP TABLE IF EXISTS `petapp`.`auth_permission`;
/*!40101 SET @saved_cs_client     = @@character_set_client */;
/*!50503 SET character_set_client = utf8mb4 */;
CREATE TABLE `petapp`.`auth_permission` (
  `id` int NOT NULL AUTO_INCREMENT,
  `name` varchar(255) NOT NULL,
  `content_type_id` int NOT NULL,
  `codename` varchar(100) NOT NULL,
  PRIMARY KEY (`id`),
  UNIQUE KEY `auth_permission_content_type_id_codename_01ab375a_uniq` (`content_type_id`,`codename`),
  CONSTRAINT `auth_permission_content_type_id_2f476e4b_fk_django_co` FOREIGN KEY (`content_type_id`) REFERENCES `django_content_type` (`id`)
) ENGINE=InnoDB AUTO_INCREMENT=45 DEFAULT CHARSET=utf8mb4 COLLATE=utf8mb4_0900_ai_ci;
/*!40101 SET character_set_client = @saved_cs_client */;

--
-- Dumping data for table `auth_permission`
--

LOCK TABLES `petapp`.`auth_permission` WRITE;
/*!40000 ALTER TABLE `auth_permission` DISABLE KEYS */;
INSERT INTO `petapp`.`auth_permission` VALUES (1,'Can add log entry',1,'add_logentry'),(2,'Can change log entry',1,'change_logentry'),(3,'Can delete log entry',1,'delete_logentry'),(4,'Can view log entry',1,'view_logentry'),(5,'Can add permission',2,'add_permission'),(6,'Can change permission',2,'change_permission'),(7,'Can delete permission',2,'delete_permission'),(8,'Can view permission',2,'view_permission'),(9,'Can add group',3,'add_group'),(10,'Can change group',3,'change_group'),(11,'Can delete group',3,'delete_group'),(12,'Can view group',3,'view_group'),(13,'Can add user',4,'add_user'),(14,'Can change user',4,'change_user'),(15,'Can delete user',4,'delete_user'),(16,'Can view user',4,'view_user'),(17,'Can add content type',5,'add_contenttype'),(18,'Can change content type',5,'change_contenttype'),(19,'Can delete content type',5,'delete_contenttype'),(20,'Can view content type',5,'view_contenttype'),(21,'Can add session',6,'add_session'),(22,'Can change session',6,'change_session'),(23,'Can delete session',6,'delete_session'),(24,'Can view session',6,'view_session'),(25,'Can add post',7,'add_post'),(26,'Can change post',7,'change_post'),(27,'Can delete post',7,'delete_post'),(28,'Can view post',7,'view_post'),(29,'Can add comment',8,'add_comment'),(30,'Can change comment',8,'change_comment'),(31,'Can delete comment',8,'delete_comment'),(32,'Can view comment',8,'view_comment'),(33,'Can add image',9,'add_image'),(34,'Can change image',9,'change_image'),(35,'Can delete image',9,'delete_image'),(36,'Can view image',9,'view_image'),(37,'Can add contact',10,'add_contact'),(38,'Can change contact',10,'change_contact'),(39,'Can delete contact',10,'delete_contact'),(40,'Can view contact',10,'view_contact'),(41,'Can add vets',11,'add_vets'),(42,'Can change vets',11,'change_vets'),(43,'Can delete vets',11,'delete_vets'),(44,'Can view vets',11,'view_vets');
/*!40000 ALTER TABLE `auth_permission` ENABLE KEYS */;
UNLOCK TABLES;

--
-- Table structure for table `auth_user`
--

DROP TABLE IF EXISTS `petapp`.`auth_user`;
/*!40101 SET @saved_cs_client     = @@character_set_client */;
/*!50503 SET character_set_client = utf8mb4 */;
CREATE TABLE `petapp`.`auth_user` (
  `id` int NOT NULL AUTO_INCREMENT,
  `password` varchar(128) NOT NULL,
  `last_login` datetime(6) DEFAULT NULL,
  `is_superuser` tinyint(1) NOT NULL,
  `username` varchar(150) NOT NULL,
  `first_name` varchar(30) NOT NULL,
  `last_name` varchar(150) NOT NULL,
  `email` varchar(254) NOT NULL,
  `is_staff` tinyint(1) NOT NULL,
  `is_active` tinyint(1) NOT NULL,
  `date_joined` datetime(6) NOT NULL,
  PRIMARY KEY (`id`),
  UNIQUE KEY `username` (`username`)
) ENGINE=InnoDB AUTO_INCREMENT=4 DEFAULT CHARSET=utf8mb4 COLLATE=utf8mb4_0900_ai_ci;
/*!40101 SET character_set_client = @saved_cs_client */;

--
-- Dumping data for table `auth_user`
--

LOCK TABLES `petapp`.`auth_user` WRITE;
/*!40000 ALTER TABLE `auth_user` DISABLE KEYS */;
INSERT INTO `petapp`.`auth_user` VALUES (1,'pbkdf2_sha256$180000$Dvw6HHes0aNr$ACItSRj4Mp9+fFO8Cf/sEL52FAIkHbMnAbKcFrr44NA=','2021-08-05 12:52:58.990651',0,'kadayifcir','Ridvan','Kadayifçi','ridvangs77@gmail.com',0,1,'2021-07-31 21:13:37.709792'),(2,'pbkdf2_sha256$180000$lVTd1WahQHYs$mz2ADkz0eJoLtCb8HPPR2jUTNu2l06ymvohBoujd4rw=','2021-08-03 19:40:20.001716',1,'admin','','','ridvangs77@gmail.com',1,1,'2021-07-31 21:15:15.505595'),(3,'pbkdf2_sha256$180000$SB5tcZFmn8gF$GK0Rokgyz7vFAAkmrfrpAN4BjPAZwBm4YAdku302NxE=','2021-08-03 18:36:53.419586',0,'ridvanyapti','Ridvan','Kadayifçi','ridvankdyf59@gmail.com',0,1,'2021-08-03 18:36:36.560135');
/*!40000 ALTER TABLE `auth_user` ENABLE KEYS */;
UNLOCK TABLES;

--
-- Table structure for table `auth_user_groups`
--

DROP TABLE IF EXISTS `petapp`.`auth_user_groups`;
/*!40101 SET @saved_cs_client     = @@character_set_client */;
/*!50503 SET character_set_client = utf8mb4 */;
CREATE TABLE `petapp`.`auth_user_groups` (
  `id` int NOT NULL AUTO_INCREMENT,
  `user_id` int NOT NULL,
  `group_id` int NOT NULL,
  PRIMARY KEY (`id`),
  UNIQUE KEY `auth_user_groups_user_id_group_id_94350c0c_uniq` (`user_id`,`group_id`),
  KEY `auth_user_groups_group_id_97559544_fk_auth_group_id` (`group_id`),
  CONSTRAINT `auth_user_groups_group_id_97559544_fk_auth_group_id` FOREIGN KEY (`group_id`) REFERENCES `auth_group` (`id`),
  CONSTRAINT `auth_user_groups_user_id_6a12ed8b_fk_auth_user_id` FOREIGN KEY (`user_id`) REFERENCES `auth_user` (`id`)
) ENGINE=InnoDB DEFAULT CHARSET=utf8mb4 COLLATE=utf8mb4_0900_ai_ci;
/*!40101 SET character_set_client = @saved_cs_client */;

--
-- Dumping data for table `auth_user_groups`
--

LOCK TABLES `petapp`.`auth_user_groups` WRITE;
/*!40000 ALTER TABLE `auth_user_groups` DISABLE KEYS */;
/*!40000 ALTER TABLE `auth_user_groups` ENABLE KEYS */;
UNLOCK TABLES;

--
-- Table structure for table `auth_user_user_permissions`
--

DROP TABLE IF EXISTS `petapp`.`auth_user_user_permissions`;
/*!40101 SET @saved_cs_client     = @@character_set_client */;
/*!50503 SET character_set_client = utf8mb4 */;
CREATE TABLE `petapp`.`auth_user_user_permissions` (
  `id` int NOT NULL AUTO_INCREMENT,
  `user_id` int NOT NULL,
  `permission_id` int NOT NULL,
  PRIMARY KEY (`id`),
  UNIQUE KEY `auth_user_user_permissions_user_id_permission_id_14a6b632_uniq` (`user_id`,`permission_id`),
  KEY `auth_user_user_permi_permission_id_1fbb5f2c_fk_auth_perm` (`permission_id`),
  CONSTRAINT `auth_user_user_permi_permission_id_1fbb5f2c_fk_auth_perm` FOREIGN KEY (`permission_id`) REFERENCES `auth_permission` (`id`),
  CONSTRAINT `auth_user_user_permissions_user_id_a95ead1b_fk_auth_user_id` FOREIGN KEY (`user_id`) REFERENCES `auth_user` (`id`)
) ENGINE=InnoDB DEFAULT CHARSET=utf8mb4 COLLATE=utf8mb4_0900_ai_ci;
/*!40101 SET character_set_client = @saved_cs_client */;

--
-- Dumping data for table `auth_user_user_permissions`
--

LOCK TABLES `petapp`.`auth_user_user_permissions` WRITE;
/*!40000 ALTER TABLE `auth_user_user_permissions` DISABLE KEYS */;
/*!40000 ALTER TABLE `auth_user_user_permissions` ENABLE KEYS */;
UNLOCK TABLES;

--
-- Table structure for table `blog_comment`
--

DROP TABLE IF EXISTS `petapp`.`blog_comment`;
/*!40101 SET @saved_cs_client     = @@character_set_client */;
/*!50503 SET character_set_client = utf8mb4 */;
CREATE TABLE `petapp`.`blog_comment` (
  `id` int NOT NULL AUTO_INCREMENT,
  `body` longtext NOT NULL,
  `post_id` int NOT NULL,
  `active` tinyint(1) NOT NULL,
  `created_on` datetime(6) NOT NULL,
  `email` varchar(254) NOT NULL,
  `name` varchar(80) NOT NULL,
  PRIMARY KEY (`id`),
  KEY `blog_comment_post_id_580e96ef_fk_blog_post_id` (`post_id`),
  CONSTRAINT `blog_comment_post_id_580e96ef_fk_blog_post_id` FOREIGN KEY (`post_id`) REFERENCES `blog_post` (`id`)
) ENGINE=InnoDB AUTO_INCREMENT=13 DEFAULT CHARSET=utf8mb4 COLLATE=utf8mb4_0900_ai_ci;
/*!40101 SET character_set_client = @saved_cs_client */;

--
-- Dumping data for table `blog_comment`
--

LOCK TABLES `petapp`.`blog_comment` WRITE;
/*!40000 ALTER TABLE `blog_comment` DISABLE KEYS */;
INSERT INTO `petapp`.`blog_comment` VALUES (1,'Çok güzel bir şeydi.',1,1,'2021-08-01 13:13:15.891496','ridvangs77@gmail.com','Ridvan'),(2,'Tam papağan bakmayı düşündüğüm zamanda ilaç gibi gelen post teşekkür ederim.',17,1,'2021-08-04 12:20:15.833873','serkan_reisgs@gmail.com','Serkan'),(3,'Bir kakadu papağanı bakan bir birey olarak  doğruları yazan bir post görmek beni çok mutlu etti.',17,1,'2021-08-04 12:22:10.181342','aycakece123@gmail.com','Ayça'),(4,'asdasdasdasdasd',12,0,'2021-08-04 12:24:08.679628','faruk-123@hotmail.com','Faruk'),(5,'ajsfaksjrqwjerqwkejqkwe',12,0,'2021-08-04 12:24:46.565754','selcuk1234@gmail.com','Selçuk'),(6,'Kısa ve öz olan bu yazıyı beğendim.',2,1,'2021-08-04 12:25:51.914140','busra_hanim_diyeceksiniz@gmail.com','Büşra'),(7,'Ben bu yazıyı ve blogta yer alan yazıları çok yetersiz buldum.Çünkü bu yazıların üstüne değinecek bir sürü konu var.Lütfen buna dikkat ediniz.',2,1,'2021-08-04 12:27:17.496348','aykutbaba@gmail.com','Aykut'),(8,'Benim kedimde resimdeki kedi türünden.Bu kedinin bakımı zahmetli ama kendisi çok tatlı.',11,1,'2021-08-04 12:30:07.030054','gizem-suslu44@gmail.com','Gizem'),(9,'Bu yararlı bilgiler için  sağol admin bey.',11,1,'2021-08-04 12:31:09.906377','yilmaz5900@gmail.com','Yılmaz'),(10,'Ben bu konu hakkında onca kişiyle tartıştım.Tartıştığım konuların burada yer alması güzel olmuş teşekkürler sizlere.',4,1,'2021-08-04 12:32:42.382247','irem_ozturk@hotmail.com','İrem'),(11,'Bu yazıyı beğenmedim.',8,1,'2021-08-04 12:33:41.246276','semih_ihsan@yahoo.com','Semih'),(12,'Ben buradaki bütün postları ve galeri bölümünü çok beğendim ya...',9,1,'2021-08-04 12:34:53.046058','gulsumgulsum3700@gmail.com','Gülsüm');
/*!40000 ALTER TABLE `blog_comment` ENABLE KEYS */;
UNLOCK TABLES;

--
-- Table structure for table `blog_post`
--

DROP TABLE IF EXISTS `petapp`.`blog_post`;
/*!40101 SET @saved_cs_client     = @@character_set_client */;
/*!50503 SET character_set_client = utf8mb4 */;
CREATE TABLE `petapp`.`blog_post` (
  `id` int NOT NULL AUTO_INCREMENT,
  `title` varchar(200) NOT NULL,
  `slug` varchar(200) NOT NULL,
  `updated_on` datetime(6) NOT NULL,
  `content` longtext NOT NULL,
  `created_on` datetime(6) NOT NULL,
  `status` int NOT NULL,
  `cover` varchar(100) NOT NULL,
  `author_id` int NOT NULL,
  PRIMARY KEY (`id`),
  UNIQUE KEY `title` (`title`),
  UNIQUE KEY `slug` (`slug`),
  KEY `blog_post_author_id_dd7a8485_fk_auth_user_id` (`author_id`),
  CONSTRAINT `blog_post_author_id_dd7a8485_fk_auth_user_id` FOREIGN KEY (`author_id`) REFERENCES `auth_user` (`id`)
) ENGINE=InnoDB AUTO_INCREMENT=18 DEFAULT CHARSET=utf8mb4 COLLATE=utf8mb4_0900_ai_ci;
/*!40101 SET character_set_client = @saved_cs_client */;

--
-- Dumping data for table `blog_post`
--

LOCK TABLES `petapp`.`blog_post` WRITE;
/*!40000 ALTER TABLE `blog_post` DISABLE KEYS */;
INSERT INTO `petapp`.`blog_post` VALUES (1,'Kuşlar','kuslar','2021-08-03 18:48:20.671341','Kuşlar\r\nKuşlar, tüylü, kanatlı, sıcakkanlı, yumurta ile üreyen, omurgalı hayvanlar. Yaklaşık 10.000 civarında yaşayan türüyle en kalabalık tetrapod omurgalıları oluştururlar. Kuzey Kutbundan Güney Kutbuna dünya üzerindeki tüm ekosistemlerde yaşarlar. Boyutları arı sinek kuşunda 5 cm ile deve kuşunda 2,7 m\'ye kadar değişir. Bulunan fosillere göre kuşlar, yaklaşık 150-200 milyon yıl önce, Jura Devri\'nde dinozorlardan gelmektedir. Bilinen ilk kuş Jura Devri\'nin sonlarında yaklaşık 155-150 milyon yıl önce yaşamış olan Archaeopteryx \'tir. Kuşlar, diğer canlı alemlerinden farklı olarak bazı özelliklere sahiptir. İlk sabit sıcaklıklı canlılar olma özelliğini taşırlar. Belirgin özellik olarak, üyelerinin tümü, diğer hiçbir hayvan grubunda görülmeyen tüylerle kaplıdır. Ön üyeleri kanatlara dönüşmüştür ve arka üyelerdeki kemikler intertarsal eklem oluşturacak şekilde dizilmiştir. Trake ve bronşlarının bulunduğu yerde çok gelişmiş bir ses kutuları vardır. Sert kabuklu yumurta bırakırlar ve kuluçkaya yatarlar. Embriyo, yumurta kabuğu ve amniyon zarı ile çevrilidir. Kuşların tam işlev gören, karmaşık ve gelişmiş, büyük ve küçük dolaşım sistemleri vardır.','2021-07-31 21:16:49.674437',1,'images/konur-papaganı_QsYlvyB.jpg',2),(2,'Köpek Beslerken Nelere Dikkat Etmeliyiz.','kopekler-cok-tatli','2021-08-03 18:42:11.271797','Köpek Beslerken Nelere Dikkat Edilmelidir?\r\nKöpekler günlük olarak bir veya 2 öğün beslenmelidir.\r\nKöpekler için daima temiz su bulundurulmalıdır.\r\nKöpeklere aktivitelerinden önce ya da sonra hemen yemek verilmemelidir.\r\nBakılan köpek özel faaliyetlerde kullanılan bir köpek ise özel diyetler ile beslenmelidir.\r\nBeslenme sırasında fosfor oranı ile kalsiyum oranına çok dikkat edilmelidir.\r\nKöpeklerin türüne özgü olan ağırlıklarının korunması gerekir.\r\nKolay bir şekilde sindirilebilecek gıdalar verilmelidir.\r\nGıdada selüloz miktarının yeterli oranda olmasına dikkat edilmelidir.\r\nYeterli miktarda mineral ve vitaminler verilmesine dikkat edilmelidir.\r\nKöpekler laktozu sindiremezler. Bu nedenle besinlerde verilen laktoz oranına dikkat edilmelidir.\r\nGıda değişimi yapılacağında, bunun ani olarak değil de yavaş yavaş köpeği alıştırarak yapılması gerekir.','2021-08-01 19:50:24.248181',1,'images/husky_b04R2rC.jpg',2),(3,'Muhabbet Kuşu Bakımı Nasıl Yapılır?','muhabbet-kusu-bakimi-nasil-yapilir','2021-08-03 18:46:21.950219','Muhabbet kuşu bakımı konusunda bilgi sahibi olmak ve onlar hakkında sahip olunabilecek tüm bilgilere erişmek sahibinin en önemli görevlerinden biridir. Sonuçta bir canlının bakımı üstleniliyor ve ona en iyi şekilde bakmak gerekmektedir. Eğer bu sevimli, akıllı ve karizmatik kuşlara bakmak isteniyorsa onun; mutlu, huzurlu ve sağlıklı olabilmesi için bazı direktifleri yerine getirmek gerekir.\r\n\r\n Muhabbet kuşları hakkında bilinmesi gerekenler nelerdir?\r\n Muhabbet kuşları aslında evcil ve kafes içerisinde yaşayan bir hayvan değildir. Avustralya gibi ülkelerde bu kuşlar özgür şekilde yaşarlar. Ayrıca Amerikan ve İngiliz olarak iki çeşide ayrılır. Amerikan cinsi muhabbet kuşu daha küçük bir gövde yapısına sahiptir ve tüyleri daha zarif görünür. İngiliz türü muhabbet kuşu ise daha büyük bir gövdeye ve yumuşak tüylere sahiptir. Ayrıca bu türe Jumbo adı da verilmektedir.\r\nMuhabbet kuşlarının genel ağırlığı 30-34 gram arasındadır. Yetişkin bir erkeğin ceresi mavi, dişinin ise pembe renklerdedir. Cere kuşların burun deliklerinin bulunduğu bölgeye verilen addır. Cere rengi kuralı genel olarak doğal renklerde olan muhabbet kuşları için geçerlidir.\r\n\r\n Yavruların alınlarında bulunan bantlar 3 ya da 4 aylık olduklarında kaybolur. Cinsel olgunluğa ilk 6 ayda ulaşabilirler. Eğer çok fazla ilgi gösterilemeyecekse çift yani bir dişi bir de erkek olarak bakmak gerekmektedir. Bu bilgilerin ışığında muhabbet kuşu bakımı kurallarına geçebiliriz.\r\n\r\n Muhabbet kuşuna nasıl bir kafes seçilmelidir?\r\n Bu sevimli küçük kuş için kafes seçimine önem vermek gerekmektedir. Yanlış bir seçim onun mutsuz olmasına ve sağlık problemleri yaşamasına neden olur. Muhabbet kuşu kafesi;\r\n\r\nKuşun boyuna bakmadan olabildiğince geniş ve rahat hareket edebileceği bir kafes seçilmelidir. Muhabbet kuşu kanatlarını açtığında kafese değmemeli ve içerisinde bir yerden başka bir yere kanatlarını açarak rahat hareket edebilmelidir.\r\n\r\nKafes toksik bir maddeden yapılmış olmamalıdır. Güvenli, dayanıklı ve emniyetli bir kafes seçilmesi gerekmektedir.\r\nKafesin çubuklarının aralığı en fazla 1.27 cm olmalıdır. Yatay çubukları olan, kuşun tırmanabileceği şekilde bir kafes tercih edilmelidir.\r\n\r\nKafesin konumlandırılması asla cereyan yapan bir yerde olmamalı, kalorifer ya da soba gibi ısıtıcılara yakın olmalıdır. Ayrıca özellikle sobaya yakın bir konuma yerleştirilirken çok dikkat edilmelidir.\r\n\r\nMuhabbet kuşunun doğal ışıktan yararlanması gerekmektedir. Bu yüzden doğal güneş ışığı görebileceği bir yere konumlandırılmalıdır.\r\n\r\nEn önemli kafes unsurlarından biri de kafesin temizliğidir. Kafes temizliği aksatılmaya gelmez. Bu yüzden elden geldiğince her akşam kafesini temizlemek gerekir.\r\n\r\nMuhabbet kuşu nasıl beslenir?\r\nMuhabbet kuşlarının bakımında beslenme hayati önem taşıyan en önemli durumdur. Doğru ve yeterli beslenmelidir. Aksi halde ciddi sağlık sorunları ortaya çıkabilir. Beslenme;\r\n\r\nMuhabbet kuşu sadece tohumlarla beslenmez. Tohum yağ oranı yüksek bir yiyecektir. Erken yaştan itibaren yeşillik, meyve, sebze, fasulye gibi yiyeceklerle beslemek gerekmektedir\r\nPelet yemler beslenmesi için iyi bir alternatif olabilir. Genel olarak onların sağlıklı beslenmesi için gereken her şeyi içerir. Kuşun hoşuna gideni değil, tahıllar, vitaminler, şekerler, sebzeler, meyveler gibi tüm besinleri yemesi sağlanır.\r\n\r\nSuyu kesinlikle her gün değiştirilmelidir. Suluğu her daim temiz ve taze suyla dolu olmalıdır. Suyun bitmesi beklenmez.\r\n\r\nMuhabbet kuşunun banyo alışkanlığı nasıldır?\r\n Muhabbet kuşları temizliği ve banyo yapmayı sever. Ev sıcak ve kuru ise hafta içerisinde pek çok kez yıkanırlar. Yıkanacakları su ılık olmalıdır. Yaz aylarında ise suyun oda sıcaklığında olması gerekmektedir.\r\n\r\n Muhabbet kuşları kendisi yıkanır. Yani kuşu alıp yıkamak gibi bir durum söz konusu olamaz. Ev içerisinde uçarken, banyo yapması gereken kap kafesin yakınlarında bir yere konumlandırılabilir.\r\n\r\n Muhabbet kuşunda görülen hastalıklar nelerdir?\r\n İyi bakılmadığı takdirde bu sevimli ve güzel canlının hayatı tehlikeye girer. Eğer temiz, titiz bakılmayacaksa ve ilgi gösterilmeyecekse alınmaması uygun olur. Muhabbet kuşlarında en yaygın görülen rahatsızlık ise şişmanlıktır. Tohum ağırlıklı beslenen bir muhabbet kuşu şişmanlar. Bu durumda kronik yumurtlama, tümör ve parazit hastalıklar meydana gelir.','2021-08-03 18:46:21.950219',1,'images/muhabbet-kusu_M7AqKNh.jpg',1),(4,'Sokak Hayvanları Hakkında Bilinen 12 Yanlış Bilgi','sokak-hayvani','2021-08-03 18:53:19.837906','Sokak Hayvanları Hakkında Bilinen 12 Yanlış Bilgi\r\nA+\r\nA-\r\n1. Sokaktaki kedi ve köpekler mikropludur, sizin için ölümcül olabilecek hastalıklar taşır.\r\n\r\nİş mikroptan bahsetmeye varacaksa her gün elimize değdirdiğimiz TV kumandası da mikropludur. Steril ve dünyadan izole bir laboratuvarda yaşamadığınız sürece mikroptan kaçınmak neredeyse imkansızdır. Her gün elimizde tuttuğumuz para, otobüste tutunduğumuz askı ve metroda tutunduğunuz yürüyen merdiven kolu… Bunun gibi birçok şey bir sokak hayvanından 10 kat daha mikropludur. O yüzden onları sevmekten ve dokunmaktan çekinmek anlamsızdır.\r\n\r\n\r\n2. Sokak köpekleri insanlara saldırır.\r\n\r\nSokak köpekleri kendilerine saldırılmadığı sürece (eğer agresif yapıda değilse) insanlara saldırmaz. İnsanlardan gördükleri zulüm neticesinde birçoğu zaten korkaklaşmıştır. İnsan köpeğe iyi davranırsa köpek o insanın en büyük dostu olur. Sokak köpeği sadece kendisine kötü davranana ve korktuğuna tepki verir.\r\n\r\n\r\n3. Sokak hayvanları nasıl olsa yiyecek bulurlar.\r\n\r\nVarsa bulur, yoksa bulamazlar. Kapalı çöp konteynırlarını açamaz, sıkı bağlanmış çöp torbalarını çözemezler. İnsanlar bir şekilde açığa yiyecek bırakmazsa aç kalır, zayıflar ve hastalanırlar. Aynı insanlar gibi onlar da “canlı”dırlar. Bu bağlamda sokak hayvanlarının söz konusu yiyecek olduğunda bizim kadar dışa bağlı olduklarını aklımızdan çıkarmamalıyız.\r\n\r\n\r\n4. Sokak köpekleri gördükleri her arabaya saldırıyor.\r\n\r\nBurada asıl meselenin Köpeklerin arabalara saldırmadığını, dönen tekerleklerin onlarda içgüdüsel olarak bir tepki yarattığını anlamamız gerekiyor. Eğer evde beslenen bir köpek gördüyseniz onların da pencerenin önünden geçen arabaya tıpatıp aynı tepkiyi vereceğini fark edebilirsiniz. Burada önemli olan bisiklet ya da motosiklette iseniz ve sürerken siz onları tekmelerseniz ilk taşı sizin atmış olacağınızı anlamak.\r\n\r\n\r\n5. Kaşınan sokak köpekleri uyuzdur, pirelidir, hastalıklıdır.\r\n\r\nHer kaşınan köpek uyuz değildir. Her kaşınan insanın uyuz olmadığı gibi. Uyuz, hayvanda aşırı tüysüzlük, zayıflık ve vücutta kızarıklaşmış yaralar şeklinde kendisini gösterir. Bazen tüyleri dökülmüş köpekler görürseniz endişelenmeyin. Sokak hayvanları zaman zaman mevsim değişikliklerinde tüylerini dökerek bir tüy yenileme dönemi yaşarlar. Bu her yıl yaşadıkları doğal bir durumdur.\r\n\r\n\r\n6. Sokaktaki kedi ve köpekler birbirlerine düşmandırlar, huzur bozarlar.\r\n\r\nEğer hepsi huzurlu ise ve karınları doyuyorsa birbirlerine müdahale etmezler. Düzgün koşullarda bir arada yaşayabilirler. Fakat doğal yaşam alanlarına yakın bölgelerde sürekli sürüngen ve çiğ et yemek zorunda kalan köpekler saldırganlaşır ve evrimleşirken yitirdikleri avcılık güdüleri yükseldiğinden kedilere de sürüngen gibi görüp saldırabilirler.\r\n\r\n\r\n7. Sokak hayvanları barınaklarda güvence altındadır.\r\n\r\nSokak hayvanının adı üstünde yeri sokaktır. Mutlu olduğu, rahat hareket ettiği alanda hatta kendisine iyi davranılacağı ümidiyle insanlarla bir arada olmayı tercih eder. Bu, sahiplenildiği durumda kedi için bir ev, köpek için bir bahçe de olabilir. Ama barınak hapishanedir. Ülkemizdeki çok az barınak onların rahat yaşayabileceği ölçütlere sahiptir. Genelde barınaklardaki daracık alanlarda, bakımsız, aç ve hastalık kaparak yaşamlarını acı içinde tüketirler. Barınak ortamının hayvanlar için ne denli zorlu olabildiğini daha önceden Niğde Hayvan Barınağı ile öğrenmiştik.\r\n\r\n\r\n8. Sokak hayvanları kuru ekmekle beslenebilir.\r\n\r\nSokak hayvanları kuru ekmek yemez. Ekmeği artık yemek suyu ya da kuru mama ile papara yaparak verdiğiniz takdirde onlar için doyurucu olabilir. Ekmek maya içeren bir besin olduğundan ilk 2 sene içerisinde zararları ortaya çıkmasa da 2 sene ve üzeri bir süre çerçevesinde ekmek ile beslenen köpeklerde cilt problemleri ve alerji yaşama riski çok yüksek olabilir. Bu nedenle et katkılı yemek artıkları, papara ya da kuru mama en uygunudur.\r\n\r\n\r\n9. Sokak hayvanları yararsızdır.\r\n\r\nYeterli bilgi ve sevgi ile yaklaşıldığında her hayvan eğitilebilir. Özellikle köpeklerin koruma içgüdüleri yüksek olduğu gibi kedilerle birlikte sokaklardaki fare, böcek, sürüngen ve haşerelerin evlere girmesini engellerler. Sokak köpekleri onlara öğretildiğinde tuvalet ihtiyaçlarını dahi gözden uzak bir bölgede görebilir.\r\n\r\n\r\n10. Sokak hayvanları hissiz ve çevrelerinde olup bitenlere duyarsızdırlar\r\n\r\nÖyle bir hissederler ki. Depresyona girip, sessizleşip intihar bile ederler çok mutsuzlar ise. Sadece insan gibi gözyaşı dökemezler. Köpekler yüzlerinden, kediler seslerinden belli ederler mutsuzluklarını, çaresizliklerini. Sevindiklerinde köpekler kuyruklarını sallayarak, kediler esnemeleri ile size belli ederler. Aile bağları vardır, yavrularını ya da ebeveynlerini ayırt eder ve severler. Aile ya da sürü içinde birbirlerine ve kendilerine iyi davrananlara karşı korumacıdırlar. Ama insanlar gibi onlar da kendi içlerinde kavga edebilirler. Aynı bizim gibi.\r\n\r\n\r\n11. Sokak hayvanları ortalığa pislik saçarlar.\r\n\r\nSokak hayvanları insanlar gibi çatalla yemek yemez. Ağızları bağlı torbaları patileriyle açmaları mümkün değildir. Birçok işlem için dişlerini kullanırlar. Eğer çöp torbalarınızın ağzını sımsıkı bağlamazsanız onlar da parçalamak zorunda kalmaz ve böylece tüm çöpler sokaklara dağılmaz. Bunlardan şikayetçiyseniz ve sokak hayvanlarının yegane beslenme kaynağı olan çöp torbalarının geldiği halden memnun değilseniz basitçe kapınızın önüne bir kap mama koyabilirsiniz.\r\n\r\n\r\n12. Sokak hayvanları sürekli çoğalıyorlar.\r\nSokak hayvanları kontrolsüz üredikleri takdirde nüfusları çoğalmaktadır. Zaten sokaklarda bulabildikleri sınırlı sayıda yemek artığıyla hayatta kalmaya çalışırken bilinçsizce doğurarak kendilerine yeni yemek ortakları da katmaktadırlar. İnsanlar olarak onların nüfuslarını kontrol altına almak bizlerin görevi. Yani yasada belirtildiği şekliyle belediyelerin kısırlaştırma yapması şarttır. Düzenli kısırlaştırma yapılırsa üreme kontrol altına alınır.','2021-08-03 18:52:25.682573',1,'images/sokak-hayvani.jpg',3),(5,'Sokak Hayvanlara Yardım Etmenin 10 Yolu','sokak-hayvanlara-yardim-etmenin-10-yolu','2021-08-03 18:55:54.154960','Dışarı çıktığımızda mutlaka birbirinden sevimli kediler, köpekler, kuşlar görüyoruz. Bu hayvanlara sevgi göstermek bile bizi bir adım öteye taşırken aç bir hayvanı beslemek, sahipsiz olanlara yuva bulmak ise bambaşka bir duygu. \r\n\r\nPeki, bazen sadece başını sevip geçtiğimiz ama sokakları beraber paylaştığımız hayvanlar için daha fazla neler yapabiliriz? Öncelikle şunu unutmayalım ki biz biraz daha dikkatli ve özenli olursak sokak hayvanlarının da yaşamı bir nebze olsun kolaylaşır. \r\n\r\nO halde onları mümkün olduğunca şehir hayatının zorlu koşullarından korumak için yapabileceklerimizi keşfedelim.\r\nSokak hayvanlarına yardım etmek için yapılabilecekler şöyle:​\r\n\r\n\r\n\r\n\r\n1.Öncelikle Hayvan Sahiplenin\r\n​Biz insanlar, hayvanların doğasına büyük ölçüde zarar veriyoruz. Bu nedenle de onlara güvenli ve huzurlu bir yuva sağlamak için evimizin kapısını açabiliriz. Sokakta gördüğünüz sahipsiz ya da zor durumda olan kedi ya da köpekleri, maddi ve manevi olarak hazırsanız sahiplenebilirsiniz. Bunların yanında sosyal medyadaki sahiplendirme sayfalarıyla iletişime geçebilir ya da barınakları ziyaret edebilirsiniz.​\r\n\r\n2.Sahiplendirme Ağına Yardım Edin\r\n​Hayvan sahiplenmek, özveri ve bilinç isteyen ciddi bir karar. Siz de herhangi bir özel sebepten ötürü hayvan sahiplenemiyorsanız sahiplendirme çalışmalarına yardım edebilirsiniz. Özellikle yukarıda da belirttiğimiz gibi sosyal medya üzerinden çeşitli duyurular yaparak ya da hayvan haklarıyla ilgilenen topluluklarla iletişime geçerek birçok hayvanın hayatına dokunabilirsiniz.​\r\n\r\n3.Barınaktaki Hayvanların Koruyuculuğunu Üstlenin\r\n​Sahiplenememe durumunda yapabileceğiniz bir diğer güzel şey ise sık sık hayvan barınaklarını ziyaret etmek! Barınaklarda sevgiye, ilgiye muhtaç birçok hayvan dostumuz var. Onları düzenli olarak ziyaret edip mama götürebilirsiniz. Ayrıca direkt olarak bir ya da birden çok hayvanın koruyuculuğunu üstlenerek masraflarını karşılayabilirsiniz.​\r\n\r\n\r\n\r\n4.Yanınızda Mutlaka Mama Bulundurun\r\n​Sokak hayvanları özellikle şehir içinde avlanmakta ve yiyecek bir şeyler bulmakta zorluk çekiyor. Onlara bu konuda yardım edebilmek için yanınızda her zaman biraz kuru mama bulundurabilirsiniz. Böylece yardıma ihtiyacı olan bir hayvan gördüğünüzde hemen müdahale edebilirsiniz.​\r\n\r\n\r\n\r\n5.Bulunduğunuz Bölgedeki Veterinerleri Bilin\r\n​Sokakta yaralı ya da hasta bir hayvan gördüğünüzde nasıl davranacağınızı bilmek, en az yanınızda mama taşımak kadar önemli. Bu nedenle en doğru şekilde müdahale edebilmek için en azından yaşadığınız çevredeki veterinerleri keşfedin. Onlardan fikir alın, en yakınınızdakilerle iletişimde kalın.​\r\n\r\n\r\n\r\n6.Yemek Artıklarını Ayırın\r\n​Sokak hayvanları için mama almak ya da barınaklara yardım etmek bütçenizi zorluyorsa kedi ve köpeklerin yiyebileceği yemeklerin artıklarını çöpe atmayın. Kapınızın önüne koyacağınız bir kap yemek, sokak hayvanlarının karınlarının doymasını sağlar. Ek olarak özellikle havaların çok sıcak olduğu yaz günlerinde kapınızın önüne bir kap su koymayı da unutmayın. Bu sayede susayan ama yaz sıcağında su bulamayan sokak hayvanlarına da yardım etmiş olursunuz.​\r\n\r\n\r\n\r\n7.ALO 153 Hattını Arayın\r\n​Zor durumda olan hayvanlara yardım etmenin bir diğer yolu da acil yardım hattını aramak. ALO 153’ü ya da bulunduğunuz şehirdeki sokak hayvanları için yardım hattını aradığınız zaman belediye ekipleri, belirttiğiniz adrese gelip sokak hayvanını alır ve tedavi için yardımcı olurlar.​\r\n\r\n\r\n\r\n8.Güvendiğiniz Bir Kuruma Bağış Yapın\r\n​Hayvan barınaklarının çoğu gönüllülük esasına dayanarak çalışır. Yani yapacağınız yardımlara ihtiyaçları vardır. Bu noktada doğrudan barınak çalışanlarıyla iletişim kuracağınız gibi güvendiğiniz bir kuruma bağış da yapabilirsiniz. Fakat bağış yaptıktan sonra verdiğiniz paranın nereye harcandığını mutlaka denetleyin.​\r\n\r\n\r\n\r\n9.Hayvan Hakları İçin Çalışın\r\n​Ülkemizde hayvan hakları için çalışan birçok örgüt ve topluluk var. Bu topluluklara katılarak hayvan haklarıyla ilgili mücadele edilen konularda çalışabilir, sokaktaki dostlarımızın yaşamlarını iyileştirmek için kolektif bir şekilde projeler üretebilirsiniz.​\r\n\r\n\r\n\r\n10.Sokakları Hayvanlara Uygun Bir Hale Getirin\r\nEn önemli noktalardan biri de sokakları, hayvanların yaşam şartlarına bir nebze olsa da uygun hale getirmek. Sokaklara, kışın soğuk havalarda barınabilmeleri için kulübeler yapmak ya da çok fazla görünür olmayan noktalara yemek ve su bırakmak ise bunun en kolay yolu.\r\n\r\nSokak hayvanları için barınak yapmak adına marketlerden isteyebileceğiniz boş kolilere, artık giymediğiniz kazak ya da tişörtlerin yakasını kesip sarabilir ve böylece kışın hava şartlarından korunabilecekleri minik barınaklar hazırlayabilirsiniz. \r\n\r\nSon olarak ufak bir hatırlatma daha yapmak istiyoruz: Kırık cam ya da jilet gibi kesici atıklarınızı kedi ve köpeklerin çöpleri karıştırma durumunu göz önüne alarak havlu kağıt ya da kullanmadığınız bezlerle sarıp çöpe atmanızı öneririz.​\r\n\r\n\r\n\"Burada yer alan yatırım bilgi, yorum ve tavsiyeleri yatırım danışmanlığı kapsamında değildir. Yatırım danışmanlığı hizmeti, yetkili kuruluşlar tarafından kişilerin risk ve getiri tercihleri dikkate alınarak kişiye özel sunulmaktadır. Burada yer alan yorum ve tavsiyeler ise genel niteliktedir. Bu tavsiyeler mali durumunuz ile risk ve getiri tercihlerinize uygun olmayabilir. Bu nedenle, sadece burada yer alan bilgilere dayanılarak yatırım kararı verilmesi beklentilerinize uygun sonuçlar doğurmayabilir. İşbu blog sayfası aracılığı ile sunulan tavsiyelere dayanarak alınan/alınacak yatırım kararlarının ve yapılan/yapılacak alım satım vb. işlemlerinden ve bu işlemlerin olası neticelerinden Türkiye İş Bankası A.Ş. herhangi bir surette sorumlu değildir. \"​','2021-08-03 18:55:54.154960',1,'images/sokak-hayvanlarina-yardim2.jpg',2),(6,'Devam et','asdasd','2021-08-03 18:56:48.071460','fhwwqgwqeqfeeqfq','2021-08-03 18:56:48.071460',0,'images/bulldog_VVwldX3.jpg',1),(7,'Evcil Hayvanların Bakımı Nasıl Yapılmalıdır?','evcil-hayvanlarin-bakimi-nasil-yapilmalidir','2021-08-03 18:59:12.807165','Evcil Hayvanların Bakımı Nasıl Yapılmalıdır?\r\n\r\nEvcil hayvanlarının yaşam kalitesini arttırarak onlarla olan dostluk ve birlikteliğin uzun süreli olmasını sağlayabilmek her evcil hayvan sahibinin amacı ve hedefidir. Peki, evcil hayvanların yaşam kalitelerini arttıracak nitelikte bilinçli şekilde bakım rutinleri için neler yapılmalıdır?\r\n\r\nVeterinere Düzenli Gidin\r\nEvcil hayvanınızı edindikten sonra en kısa zamanda veterinere götürün. Tıpkı insanlarda olduğu gibi, evcil hayvanlar da ciddi koşullara gelmeden önce sorunları tespit etmek için düzenli check-uplara ihtiyaç duyarlar. Kontrol muayenehanelerini ne sıklıkta ve evde beslenen hayvanınızın diyet ve tıbbi ihtiyaçlarını planlamanız gerektiğini konuşmak için ilk ziyaretinizi yapın.\r\n\r\nAşı planlaması yapın. Evcil hayvanların bakımı için en hassas noktalardan birisi de aşıların yapılmasıdır. Bu hayvanınızın sağlığı kadar evde yaşayan tüm kişiler için çok önemlidir. Aşı sayesinde bağışıklık sistemi güçlenir ve size vereceği zarar da minimuma iner. Aynı zamanda doğal ortamında değil de ev ortamında bakıldığı için sizi de pek çok riskli durumdan korur.\r\nEvcil hayvanınız hasta olursa, veterinerinize hangi semptomları aramanız gerektiğini danışın ve not alın.\r\nAcil durumlar ile karşılaşıldığında veterinerinize ulaşmak için mutlaka telefon numarasını alın.\r\n\r\nBakımıyla İlgili Detayları Araştırın\r\nEvcil hayvan mülkiyeti için genel bir takım kuralların olmasına rağmen, her tür ve her hayvan farklıdır ve şartlara da buna göre adapte olmak gerekir. \r\n\r\nBenzer evcil hayvanlara sahip arkadaşlarınıza danışın, kitaplara göz atın ve ırkları veya türleri hakkında internette de güvenilir kaynakları inceleyin.\r\nEvcil hayvanı eve getirdiğinizde genel düzen kurallarınızda esnek olmaya çalışın. Evcil hayvanların kişiliklerine bağlı olarak farklı istek ve ihtiyaçları olacağını da göz önünde bulundurun.\r\n\r\nEn Uygun Besini Kullandığınızdan Emin Olun\r\nUcuz ve kolay erişilebilen gıdalar her zaman sağlıklı olmayabilir. Hayvanlarınızı, kendi yediğiniz besinler ile beslemeyin. Ne verirseniz verin, onlar için iyi bir beslenme olmayacaktır; çünkü bizim sağlığımız için harika olan besinler evcil hayvanlara zararlı olabilecek mineral ve öğeler içermektedir.\r\n\r\nVeterinerinizden iyi besin kaynakları ve porsiyon boyutları hakkında bilgi alın.\r\nEvcil hayvanların özellikle mama ya da yem ile beslenmesine dikkat edilmelidir, çünkü hayvanların ihtiyacı olan pek çok besin değeri bu mamalarda bulunmaktadır. Gerekli besinleri, gerektiği miktarlarda alan ev dostunuz daha sağlıklı ve daha uzun ömürlü olacaktır.\r\n\r\nSevgi Ve İlginizi Göstermede Cömert Olun\r\nHayvanlar insanlara çok benzer şekillerde sosyal varlıklardır ve hayvanlarınızla ilgilenmek ve onlarla oynamak için zaman ayırmanız gerekmektedir.\r\n\r\nEvde beslenen hayvanın gereken ölçülerde dolaşmasını sağlamalısınız; unutmayın ki hayvan ne kadar büyükse, o kadar büyük bir alan temini gerekecektir.\r\nEvcil hayvanınız ile birlikte kullanacağınız oyuncaklar ve oyun setleri edinin.\r\nEvcil hayvanınızı, onu motive etmek ve ona iyi alışkanlıklar kazandırmak için iyi davranışlarından sonra onu ödüllendirmeyi ihmal etmeyin.\r\n\r\nDüzenli Temizlik Programı Oluşturun\r\nUygulanacak temizlik rutini, hem sizin hem de evcil hayvanınızın sağlıklı ve mutlu kalmasını sağlayacaktır. En az 2 haftada 1 olacak şekilde düzenli bir temizlik programı oluşturun ve hastalık, koku oluşumu gibi olumsuz koşulları önlemek için evcil hayvanınızı ve yaşam alanını temizleyin.\r\n\r\nKediler ve köpekler gibi daha büyük evcil hayvanlar için büyük küvet ve hortumlar içeren hayvan temizleme merkezlerini araştırmak güzel bir başlangıç olacaktır.\r\nBelirli aralıklar ile yıkayabilir; yıkayamadığınız durumlarda geçici olarak kuru şampuan kullanabilirsiniz. Ancak unutulmamalıdır ki su tüylerin parlamasına, daha temiz bir kokuya ve derinin nefes almasına imkan sağlayacaktır.\r\nKöpek ve kediler için, kırılmamaları için tırnaklarının yeterince kısa olduğundan emin olun.\r\nHayvanların tüylerinin düzenli tıraş edilmesi ve temizlenmesi gerekmektedir. Özellikle de köpek besleyenler için bu daha da önemlidir. Öncelikle beslenmesine göre tüylerin parlaklığı, canlılığı ve dökülmesi azalır ya da artar. Günlük tarama yaparak da dökülmeleri azaltabilirsiniz.\r\n\r\nBunlara Özen Gösterin\r\nGünlük rutinde hayvanınızı kafesten ya da kaldığı alandan kısa süre de olsa dışarı çıkarmaya çalışın. Hayvanlar da tıpkı insanlar gibi zaman zaman alan değiştirme, doğada bulunma gibi ihtiyaçlar hissedebilir. Bu onların hareketli ve daha aktif olmalarına da imkan sağlayacaktır.\r\nBelli aralıklarda rutin kontrollerini yapmalı, bakımlarını ihmal etmemelisiniz.\r\nUnutmamalıyız ki, hayvanlar da en az bebekler kadar ilgi ve emek isteyen canlılardır. Hayvan sahiplenirken bu hususa dikkat etmeli, geri vereceğimiz hayvanı asla almamalıyız. Evcil hayvanlar bir süre sonra size bağlanmakta ve sizden ayrı kaldıklarında psikolojik travma yaşamaktadır. Bu nedenle duyarı olmalı ve kararlarımızda bu hususa dikkat etmeliyiz.','2021-08-03 18:59:12.808173',1,'images/evcil-hayvanların-bakımı.jpg',2),(8,'Evcil Hayvan Bilgileri','evcil-hayvan-bilgileri','2021-08-03 19:01:23.173220','EVCİL HAYVANLAR\r\n\r\nDoğa\'da büyüyüp yetişen ve kendi kendini doyurma ve yetiştirme özelliğine sahip hayvanlar vahşi hayvanlar olarak adlandırılır. Hayvanlar tarih boyunca insanların en önemli dostları olmuşlardır halen de öylelerdir. Tarih öncesinden itibaren hayvanlar insanlar tarafından evcilleştirilmeye başlanmıştır.\r\n\r\nHayvanların doğal ortamlarından uzaklaştırılarak, belirli bir yerde insan eliyle beslenen, insanların direktiflerine göre yeri geldiğinde kafeslerde bile yaşamak durumunda olan, insanlarla birlikte yaşamayı öğrenmiş hayvanlara evcil hayvanlar denir. Evcilleştirme yüzyıllarca süren titiz seçme, çaprazlama ve ıslah çalışmalarının bir sonucudur.\r\n\r\nBazı insanlar evcil hayvan yetiştirme işini abartmış doğada ki vahşi aslan, kaplan, leopar, jaguar gibi hayvanları evcilleştirmeye çalışmışlardır. Bu tür hayvanlar vahşi doğaya alışık hayvanlar olduğu için kolay kolay evcilleşemezler. Vahşi hayvanları evcilleştirebilmenin yollarından en iyi yöntem vahşi bir hayvanı yavru iken sahiplenerek onu büyütmektir.\r\n\r\nEvcil hayvanlar sahiplerine ve yetiştirildikleri ortama çok çabuk uyum sağlarlar.\r\n\r\nEvcil hayvan türleri\r\n\r\nKedi\r\nKöpek\r\nKuş\r\nCivciv\r\nHamster\r\nAt\r\nTavşan\r\nDiğer kanatlı hayvan türleri\r\nEvcil hayvanların yararları\r\n\r\nSizinle arkadaş olurlar.\r\nSize karşılıksız sevgi gösterirler.\r\nSizi dinlemeyi öğrenirler.\r\nSizi korurlar.\r\nKolay kolay Alerji olmazsınız.\r\nSahiplenme duygusunu yaşarsınız.\r\nEvcil hayvan yetiştirmek bir çocuk yetiştirme provası gibidir.\r\nSorumluluk alma bilincinizi gelişir.\r\nEvcil hayvan bakmanın zorlukları\r\n\r\nGittiğiniz her yere götürmek zorundasınız.\r\nİşten geldiğinizde yorgun olsanız bile gezdirmek zorundasınız.\r\nTuvaletini temizlemek zorundasınız.\r\nYemeğini ve suyunu bittiği zaman vermek zorundasınız.\r\nKendinizi nasıl temizliyorsanız onu da yıkayıp temizlemek zorundasınız.\r\nEvcil hayvan beslemenin belli kuralları\r\n\r\nHayvanların yemeğini temin etmek.\r\nHayvanların suyunu temin etmek.\r\nOnları temiz tutmak.\r\nOnları tuvalet konusunda eğitmek.\r\nOnları yapmamaları gereken şeyler konusunda eğitmek.\r\nOnları asla yalnız bırakmamak.\r\nBelirli zaman aralıklarıyla gezdirmek.\r\nOnları sevgi ve şefkat göstermek.\r\nHastalandığında veterinere götürmek.\r\nEvcil hayvan türleri\r\n\r\nÜrünlerinden yararlanılan evcil hayvanlar\r\nGücünden yararlanılan evcil hayvanlar\r\nDiğer evcil hayvanlar\r\nÜrünlerinden yararlanılan evcil hayvanlar\r\n\r\nHem etinden,  hem sütünden, yağından ve derisinden yararlanılmak için manda, sığır, koyun yetiştirilir. Tavuk, hindi, ördek, kaz gibi kümes hayvanları da eti, yumurtası ve tüyleri için beslenir. Ayrıca bazı yırtıcı kuşlar, özelikle doğan, atmaca, şahin ve çakır, avcılıkta yararlanmak amacıyla evcilleştirilmiştir. Sütü ve derisinden yararlanılmak için keçi yetiştirilir. Sütünden yararlanmak için inek yetiştirilir. Elde edilen sütlerden peynir, lor, ekşimik, yoğurt gibi ürünler elde edilir.\r\n\r\nGücünden yararlanılan evcil hayvanlar\r\n\r\nAt, eşek, katır, deve gibi hayvanlar yük taşımacılığında ve ulaşımda kullanılan evcil hayvanlardandır. Özellikle deve günlerce aç ve susuz yol alabilme özelliğiyle diğer gücünden yararlanılan evcil hayvanlardan ayrılmaktadır. Ayrıca uzak doğuda filler de evcilleştirilerek gücünden yararlanılan hayvanlardandır.\r\n\r\nDiğer evcil hayvanlar\r\n\r\nHiçbir ürününden yararlanılmayan hayvanlar bu gruba girerler. Bu gruptaki hayvanlar insanlara muhtaçtırlar yemek ve suyu kendileri bulamazlar. Bu tür hayvanları gerekli ve yeterli yiyeceklerle, ama aşırılığa kaçmadan düzenli olarak beslemek gereklidir. Evcil hayvanlardan köpek insanın bir numaralı koruyucusudur. Sahibi kıskanır ve herhangi bir tehlike karşısında onu korur.','2021-08-03 19:01:23.173220',1,'images/evcil-hayvanların-bakımı1.jpg',1),(9,'Evcil hayvan sahibi olmak isteyenlere her duruma hazırlayıcı 6 öneri','evcil-hayvan-sahibi-olmak-isteyenlere-her-duruma-hazirlayici-6-oneri','2021-08-03 19:05:12.422792','Dökülen tüyler\r\n\r\nEvcil hayvan beslemeye başladıktan sonra en büyük sıkıntılarınızdan biri sevimli dostunuzun tüy dökmesi olacaktır. Eminim sizde minik dostlarınız koltuktan kalktığında veya rahat rahat yattığı kucağınızdan uyanıp gittiğinde ardında tüy yumakları bıraksın istemezsiniz. Eve gelen misafirlere tüy sorunu yüzünden açıklama yapmak ise işin en yorucu kısmı olabilir.\r\nDökülen tüyleri toplamak için zemine uygun elektrikli süpürge, yapışkanlı rulo, koli bandı, fırça ve plastik eldivenleri kullanabilirsiniz. Tüyleri toplamak için tasarlanan ruloları özellikle kıyafetlerde, mobilyalarda rahatça kullanabilirsiniz. Marketlerde ve birçok mağazada bulabilirsiniz. Alternatif olarak koli bandının yapışkan yüzeyi de çözüme ulaşmanızı kolaylaştırır. Geniş zeminlerde kullanılan elektrikli süpürge, köşelerde toplanan tüyleri ve halıları temizlemek açısından etkilidir. Son dönemlerde kedi ve köpek tüyleri için üretilen özel başlıklar sayesinde daha kısa sürede verimli sonuçlar elde etmeniz mümkün.\r\n\r\nAçıkta kalan kablolar\r\n\r\nTüylü dostlarımız çoğu zaman biz hariç her şeyle ilgilenmek, oynamak isterler. Hele hele yavruysa bu yaramazlıklar iki katına çıkacaktır. Durum kulağa hoş glmesede de aslında ufak yaramazlıkları evinize renk katacak diyebiliriz. Özellikle kediler ve yavru köpekler için kablo katili dersek abartmış olmayız. Hemen hemen hepsinde bir çiğneme isteği var ki sormayın gitsin. Kemirdikleri kablolar aslında onlar için oldukça tehlikeli. Özellikle elektrik kablolarının kemirilmesi ölümcül olabilir. Hem hayvanlarınızın hayatı hem de kendi rahatınız için çeşitli önlemler almanız mümkün. Evinizde kullandığınız kabloları kapı üstü ve pencere üstünden geçirebilir, duvardan geçen kabloları da ulaşamayacakları yüksekliğe sabitleyebilirsiniz. Eğer bu şekilde kötü bir görüntü oluşabileceğini düşünüyorsanız güvenli kablo geçişleri için satılan PVC borularını kullanarak kabloları gizleyebilirsiniz.\r\n\r\nSeyahatler\r\n\r\nCan arkadaşlarınız ile seyahate çıkmak bambaşka bir deneyim diyebiliriz. Seyahat sonrasında varacağınız güzellikler onu da çok mutlu edecektir ama seyahat ve konaklama sırasında birçok sorunla karşı karşıya kalabilirsiniz. Evcil hayvan dostlarınızla birlikte sosyal yaşamda karşılaşabileceğiniz sorunların en büyüğü şüphesiz yolculuklar olacaktır. Hava, kara, deniz yolculuklarının neredeyse hepsinde evcil hayvan taşımak pek konforlu değil. Eğer imkânınız varsa özel aracınız ile seyahat etmeniz ya da pet taksi ile gitmeniz en iyisi olur. Şehirler arası otobüslerin çoğunda evcil hayvan taşıma hizmeti bulunmuyor, olanlar da ise bagajda izin veriliyor. Bagajda havasız, karanlık ve sıcak bir ortamda kapalı kalacağı ve ölümle sonuçlanabileceği için kesinlikle bunu önermiyoruz. Uçaklarda da durum pek değişmiyor. Kafesin standart boyutlara uymaması, ağırlığının 8 kg’dan fazla olması gibi nedenlerle uçağın kargo bölümünde yolculuk yapabiliyorlar. Tüylü dostunuzun sağlığı için seyahatlerinizi bu şekilde planlamayın.\r\nDiğer bir alternatif olan hızlı trenler de vagon bölümünde beraber seyahat edebilirsiniz. Tabii kafes içinde olmak şartıyla yanınızda mutlaka sağlık belgesini, kimlik kartını bulundurun. Sevimli dostlarınız için yan koltuğunuza %50 indirimli bilet alabilirsiniz.\r\n\r\nDekorasyon\r\n\r\nEvcil hayvanınız eve geldiği günden itibaren aranızda oluşan bağ ve sevgiyle adeta evin küçük çocuğu hissi verecektir. Evin minik ve meraklı çocuklarını düşünürsek, ev içerisinde sürekli hareketli olurlar. Tıpkı evcil hayvanlarınızda; meraklı çocuk edasıyla evdeki süs eşyaları ile oynayabilir ve zarar verebilir. Bunun yanında kedi ve köpeklerin içgüdüsel olarak yaptığı ve eve zararı olabilen birçok davranışı olacaktır. Sevimli kedi ve köpeklerinizin koltuklara, halılara, yatak başlıklarına olan tırmalama sevdasını biliyoruz. Durum böyle olunca ev dekorasyonunu ve mobilya seçimlerini onlarla yaşamaya uygun şekilde ayarlamanız gerek. Evdeki biblolarınızı, fotoğraf çerçevelerini evcil hayvanlarınızın ulaşamayacağı yerlere koyabilir, zarar görmelerini engelleyebilirsiniz. Mobilyalarınızı evcil hayvanınızın antrenman aracı haline getirmesini engellemek için dayanıklı ve kolay temizlenebilen kumaşlar tercih edilmelidir. Evcil hayvanlarınızın da bizler gibi eşyaları olacaktır. Onlar için tırmanma merdivenleri, küçük saklanma köşeleri ve koltuk alabilirsiniz.\r\n\r\nÇevre dostu ürün kullanımı\r\n\r\nHepimiz doğaya karşı daha nazik olmak için uğraşıyoruz. Ama çoğu zaman evcil hayvanlarımıza aldığımız eşyaların plastiklerden ve sürdürülemez malzemelerden yapıldığını göz ardı ediyoruz. Çevre dostu ürünler kullandığınız zaman sevimli dostlarınızın çevrede yarattığı olumsuzlukları azaltmak adına önemli bir adım atabilirsiniz. Evcil hayvanlarınıza aldığınız oyuncaklar, bakım ürünleri ve diğer dekoratif ürünlerin çevre dostu olması hem hayvanlarınızın sağlığı hem de doğa adına yarar sağlar. Köpek sahipleri, köpeklerini yıkarken çevre dostu şampuanlar kullanabilir. Kedi sahipleri de kedi kumlarını çevre dostu olanlardan yana tercih edebilir. Ayrıca dostlarınız için bazı şeyleri satın almak yerine, evde kendiniz de yapabilirsiniz.\r\n\r\nDüzenli bakım ve aşılar\r\n\r\nSevimli dostlarınızın bakımı zevkli bir uğraş olacaktır ama bir o kadar da sorumluluk gerektirdiğini belirtelim. Onların da tıpkı bizim gibi ilgi ve sevgiye ihtiyacı var, bu nedenle sağlıklı bir yaşam sürmeleri için gereken her şeyi düşünmelisiniz.\r\nÖncelikle vitamin ve mineral ihtiyaçlarını karşılayacak özellikte mamalarla beslemeniz gerekli. Tabii bu mamalar yaşlarına ve fizyolojik özelliklerine de uygun olmalı.\r\nDostlarınıza parazit oluşmaması için pişmemiş çiğ etlerin verilmemesi gerekiyor. Bunun yanı sıra bisküvi, çikolata gibi şekerli gıdalar köpek ve kedilerin dişlerinde tartar oluşturabiliyor, ayrıca gözleri için de zararlı olduğunu bilmenizde fayda var. Neredeyse hepimiz hayvanlarımızı dışardan geldiklerinde yıkamamız gerektiğini ve bunun zevkli olacağını düşünüyoruz. Ancak kediler neredeyse hiç yıkanmamalı, sadece dışarı çıktığında patileri silinebilir. Köpeklerin de çok sık yıkanmamaları lazım. Evcil hayvanlarınızı hastalıklardan ve parazitlerden korumak için düzenli aşı periyodları vardır. Veteriner hekiminiz ile beraber aşı karnesini takip edebilir, sağlıklı bir yaşam sürmesini sağlayabilirsiniz.','2021-08-03 19:05:12.422792',1,'images/6-oneri.jpg',3),(10,'Yavru ya da yetişkin kediye nasıl bakılır?','yavru-ya-da-yetiskin-kediye-nasil-bakilir','2021-08-03 19:09:33.665513','Kedinizin sağlığına katkıda bulunan çeşitli faktörler vardır; ilk günden itibaren bunların düzgün biçimde sağlanması, evcil hayvanınızın sağlıklı olmasına ve yeni evine uyum sağlamasına olanak tanır.\r\nÖnemli noktalar\r\nKedinizi eve ilk getirdiğinizde temel bazı ihtiyaçlarınız olacaktır. Öncelikli olarak sayılabilecekler şunlardır:\r\n\r\nSepet: Bu, yavru veya yetişkin kedinin kendini rahat ve güvenli hissedeceği yatağı olacaktır. Yerden yükseğe, tercihen de yavru kedinin kendini güvende hissedeceği bir yere yerleştirilmelidir. Esinti ve gürültüden uzak olması tavsiye edilir.\r\n\r\nKum kabı: Bu kabın dışkıyı küçük bir kürekle çıkarmak için yeterince derin olması, ancak yavru kedinin onu kullanmaktan vazgeçeceği kadar da derin olmaması gerekir.\r\n\r\nSu kabı: Kediniz için her zaman bir kapta taze içme suyu bulundurmalısınız. Su kabına alternatif olarak su çeşmesi kullanılabilir, çünkü kedilerin hareket eden nesnelerden özellikle hoşlandıkları bilinir ve bu onları daha fazla su içmeye teşvik eder.\r\n\r\nMama kabı: Kirlenmesini önlemek için su kabından yeterince uzağa yerleştirilmiş küçük bir mama kabı olduğundan emin olmalısınız. Doğal avlanma içgüdüsüne uygun zihinsel ve fiziksel uyarı sağlamak için özellikle de ev içinde kullanıma uygun bir oyuncak arabanız varsa, beslenmeyi bir yemek bulmacası haline de getirebilirsiniz. Öte yandan, bu bulmacaları çözmeyi öğrenmesi için kedinize biraz zaman tanımanız gerekebilir.\r\n\r\nKedi ağacı: Kediniz için hem eğlenceli hem de faydalı olan ve tırmalamasını, tırmanmasını ve saklanmasını sağlayacak ve doğal içgüdülerini harekete geçirerek sağlığına katkıda bulunacak bir aksesuardır.\r\nYeni kedinize seçenek sunmak ve gerektiğinde misafirlerden veya gürültüden uzakta sakin bir yer bulabilmesi için bunların her birinden birkaç tane satın alıp evin içinde farklı yerlere dağıtmanız önerilir. \r\n\r\nOrtam\r\nBulunduğu ortam, kedinizin sağlık ve sıhhatinin önemli bir parçasıdır. Uygun ortam, kedinin çok fazla sorun olmadan güvenli bir şekilde sosyalleşebileceği ve çevresindeki insanlara ve eşyalara alışmasına yardımcı olan ortamdır.\r\n\r\nKediniz çok küçükken bile bölgesini düzenler ve işaretler. Burası uyuyacağı, oynayacağı, avlanacağı, besleneceği, saklanacağı, tırmanacağı ve insanların onu seveceği yerdir. Kediniz; özellikle de iç mekan kedisiyse, hayatını dört farklı alan etrafında düzenler, davranış sorunları yaşamaması için sizin de buna saygı duymanız gerekir.\r\n\r\nBeslenme alanı: Burası; sessiz ve kum kabından ya da sizin yemek yediğiniz yerden uzak bir yer olmalıdır. Yemek odanızı veya rahatsız edilebileceği diğer alanları kullanmasını önlemek ve ona yemek yerken geniş bir alan bırakmak uygun olur.\r\nDinlenme alanı: Bu alan, gün içinde güneş ışığı ve ısı kaynaklarının etkisine bağlı olarak değişir. Kedi, doğası gereği yüksek yerde uyumak ister ve çoğu zaman kendisine en uygun yeri seçer, bu nedenle seçim yapmak için bolca boş alanı olmasını sağlayın.\r\nTemizlenme alanı: Kum kabı, yiyecek kabının ve çok gelen geçenin olduğu yerlerin uzağına ve kedinizin her zaman erişebileceği sessiz bir yere yerleştirilmelidir. Stres kaynaklarını uzak tutmaya özen gösterin:kum kabının çamaşır makinesinin yanına yerleştirilmesi sebebiyle kedilerin ortalığı pisletmeye başladığı bilinmektedir. Her kediye bol seçenek sunmak ve sorun yaşamamak için kedi başına en az bir asıl ve bir de yedek kum kabı ayarlanması önerilir.\r\nOyun alanı: Burası kedinizin en geniş yaşama ve dinlenme alanıdır. Koşturabileceği, saklanabileceği ya da yukarılara tırmanıp ilişebileceği bir yer olmalıdır. Kedi ağaçları, bu aktiviteyi teşvik etmek ve kedinizin sağlık ve sıhhatini desteklemek açısından mükemmel aksesuarlardır.\r\n\r\nEgzersiz\r\nEv içinde yaşayan kediler, fiziksel ve zihinsel olarak uyarılmak için bol miktarda aktiviteye ihtiyaç duyarlar. Aşağıdakiler bunu karşılayabilir:\r\n\r\nİlgisini canlı tutmak için zaman zaman değiştirebileceğiniz çok sayıda oyuncak, tırmanacağı ve saklanacağı şeyler ve her gün aile ile düzenli oyun zamanları\r\nİç mekanda yaşayan kediler; özellikle de uzun tüylü olanlar, kendilerini yalayarak temizlemeye ve hareketsiz durmaya daha eğilimli olduklarından, tüy yumağını gidermeye yardımcı olabilecek ve düşük aktivite seviyelerini yansıtan bir diyete ihtiyaç duyar.\r\nKedinizin mobilya veya duvarlarda bırakabileceği izler hoşunuza gitmeyebilir. Ancak tırmalamak onlar için doğal bir davranıştır ve kedinize bunu ifade edebileceği yer ve ortam sağlamanız önemlidir. En az bir tırmalama direği yerleştirmeyi planlayın\r\n\r\nBesleme\r\nEvcil kedilerin besin alımı çeşitli faktörlere bağlıdır. Kediler, gözlerden ve tehditlerden uzak, açık bir kaçış yolu olan, sakin yerlerde yemek yemeyi sever.\r\n\r\nYaşı, ırkı, yaşam tarzı veya duyarlılığı ne olursa olsun sağlıklı kalmaları için ihtiyaç duydukları tüm besinleri sağlamayı, sadece kediler için özel olarak hazırlanan kaliteli mamalar garanti edilebilir.\r\n\r\nDiyetlerimizde çeşitliliği öne çıkarıyor olsak da, mamanın sık ve sürekli olarak değiştirilmesi, kedilerin sindirim sistemi açısından uygun değildir.\r\nBeslenme bulmacaları, kedinizi zihinsel olarak eğlendirmenin ve onu yiyecek bulmak için çaba göstermeye ve avlanma içgüdüsünü canlı tutmaya teşvik etmenin mükemmel bir yoludur.\r\nAvlanma davranışı, kedilerin yeme biçimini şekillendirir vegün boyunca küçük öğünlerle yeme eğilimi gösterirler.\r\nKediler, aralarında taurinin de olduğu ve doğal olarak sadece hayvansal dokularda bulunan birkaç önemli amino asidi içeren proteinlerden bol miktarda almaya ihtiyaç duyarlar.\r\nYağ, kediler için önemli bir enerji kaynağıdır.Günlük kalorinin insanlar için önerilenden daha yüksek bir oranı yağlar tarafından sağlanır.\r\nKediler ayrıca, D vitamini gibi sadece diyetlerinden alabilecekleri çok özel vitamin ve minerallere de ihtiyaç duyar.\r\nYeni doğan yavru kedinizin sindirim yolu, yavrular için özel olarak formüle edilmiş sütü sindirmeye çok uygundur, ancak sindirim kapasitesi zamanla değişir ve yetişkinliğe eriştiğinde artık laktozu sindiremez hale gelir.\r\n\r\nBakım\r\nFırçalanan tüyler, iyi görünmenin yanı sıra daha az ölü tüy içerir. Bu, kedinizin kendine bakım yaparken daha az tüy yutmasını sağlar. Kedinizin, zamanının ortalama %30\'unu bakım aktivitesine ayırdığı göz önüne alındığında, bunun bazı avantajları vardır. Aksi takdirde dökülen tüyler sindirilerek tüy yumaklarına ve bazen de sindirim sorunlarına yol açabilir.\r\n\r\nİran kedisi gibi daha uzun tüylü kedilerin tüylerindeki düğümler, her gün kaliteli bir tarakla özenle açılmalıdır.\r\nKısa ve düz tüylü kedileri (Siyam veya Abyssinian gibi) birkaç kez sertçe okşamak yeterli olabilir.\r\nOrta ila uzun tüylü ve kalın kürklü kedilerde (örneğin Maine Coon veya Exotic Shorthair) tüylerin haftada bir yumuşak fırçayla fırçalanması tavsiye edilir.\r\n\r\nDişler\r\nİyi bir ağız sağlığı, yavru kediniz küçükken başlar.\r\n\r\nEve gelen yavru kediler hâl süt dişlerine sahip olur. Bu bebek dişleri oldukça kırılgandır. Dolayısıyla yavruların yedikleri mama taneleri, yaşlı kedilerinkine göre daha yumuşak olmalı ve daha kolay parçalanmalıdır.\r\nYavru kedilerin hassas dişlerine uygun, doğru kıvama sahip bazı yaş mamalar özel olarak formüle edilmiştir.\r\nDiş fırçalama ağız sağlığının altın kuralıdır. Kediler için özel diş fırçası ve veteriner hekimin tavsiye ettiği diş macunları önerilir.\r\n\r\nSağlık\r\nKedinizin sağlık ve sıhhati, koruyucu aşılamalar ve kısırlaştırma da dahil olmak üzereçok çeşitli etmenleri içerir. Bu harcamaların bir kısmı tek seferliktir. Diğerleri ise beslenme ve bakım harcamalarıyla birlikte devamlı bir bütçe kapsamında değerlendirilmelidir.\r\n\r\nKediler, kedi panlökopeni virüsü, kedi herpes virüsü ve kedi kalisivirüsüne karşı düzenli aşılanır. Aşılama, üç ila dört hafta arayla yapılan iki enjeksiyondan oluşur. İlk doz, yaklaşık dokuz haftalıktan itibaren kedinize uygulanabileceğinden kedinize, evinize gelmeden önce ilk enjeksiyonu yapılmış olabilir.\r\nMikroçip takma işleminde bir mikroçip, kedinin boyun derisinin altına acısız bir şekilde yerleştirilir. Böylece herhangi bir veteriner hekim veya kedi kurtarma kuruluşu el tarayıcısıyla çipi kolayca \"okuyabilir\". Veteriner hekiminiz, rutin randevularınızın herhangi birinde bu işlemi uygulayabilir.\r\nKedinizin pire, kurt veya kene kapmasını önlemek önemlidir. İyi yetiştiriciler, kedinin yaşamının en başından itibaren parazit önleyici bir program başlatır. Çoğu kurtarma merkezi de koruma altındaki hayvanlar için kurtlara ve pirelere karşı iyi bir tedavi rejimi başlatır. Yavru veya yetişkin kedinizi sahiplenirken kedinizin geçmişte hangi tedavileri aldığını sormanız önemlidir.\r\nKısırlaştırma, bir evcil hayvan sahibinin alabileceği en yüksek sorumluluk içeren kararlardan biridir. Kediler genellikle altı aylık olduktan sonra herhangi bir zamanda kısırlaştırılır.\r\nHerhangi bir sağlık sorununu önlemeye yardımcı olmanın yanı sıra kilo ve davranış değişikliklerini takip etmek için veteriner hekiminize yıllık kontroller yaptırmanız önemlidir.\r\n\r\nEğitim\r\nYavru kedilerin eğitiminin büyük bölümü hayatlarının ilk altı ayında tamamlanır. Yavru kediler, annelerinin ve kardeşlerinin baskın rolü nedeniyle davranışlarının çoğunu ilk üç ayda kazanırlar.\r\n\r\nYani bir kediyi eve getirdiğinizde, temel eğitimine sunabileceğiniz katkı sınırlıdır. Buna rağmen bazı sorumluluklarınız vardır. Kedinin yeni ortamında eğitimini tamamlamanız ve istenmeyen davranışları ortadan kaldırmaya çalışmanız gerekir.','2021-08-03 19:09:33.665513',1,'images/van-kedisi1_FZEARPn.jpg',2),(11,'KEDİ SAĞLIĞI VE BAKIMI','kedi-sagligi-ve-bakimi','2021-08-03 19:12:10.252825','Yavru bakımı doğumla birlikte başlar. Bu bakımın ilk 1 ayı  çoğunlukla  annenin kontrolündedir.\r\nYavru kedi annesinden ayrıldığında 2 aylık olmalıdır. İlk evinize aldığınızda annesinden ve kardeşlerinden ayrıldığı, yeni bir ortama geldiği için korkmuş ve ürkmüş  olabilir. 1 hafta içerisinde size ve yeni çevresine alışacaktır.\r\n\r\n\r\nYavru bir kedinin ihtiyaç duyacağı malzemeler:\r\n\r\nMama ve Su Kabı: Temizlenmesi kolay ve ters dönmeyecek kadar ağır olmalıdır.\r\n\r\nKedi Tuvaleti ve Kumu: Kediler içgüdüsel olarak idrar ve dışkılarını kuma yapacaklardır. Düzenli olarak kum temizlenmelidir.\r\n\r\nYatak: Kediler, yaşamlarının %60’ını (günün 16 saatini)uyuyarak ya da uyuklayarak geçirirler. Bu sebeple rahat ve sıcak bir uyku köşesi dostunuzun gerekliliklerinin başında gelir. Kediler yattıkları yerin temiz olmasına dikkat ederler o yüzden yıkanabilir, yumuşak yapıdaki materyallerden yapılmasında fayda vardır.\r\n\r\nTırmalama Platformu: Kedinizin egzersiz ihtiyacını karşılamak (gerinme, tırmalama, tırmalama vb.), tırnaklarındaki ölü deriyi temizlemek hem de kaşınmak için kullanacağı bir malzemedir.\r\n\r\nBoyun Tasması: Kediniz için çok gerekli değildir. Fakat üzerinde zil taşıyan tasmalar  yavrunuzun hareketlerini takipte fayda sağlar\r\n\r\n \r\n\r\nTarama Araçları: Kediler yılda 2 kez tüy değiştirirler. Kendilerini yalayarak tüylerin tamamını toplayamazlar. Bu yüzden uygun bir fırça ile yardımcı olmak gereklidir. Çoğu zaman uzun tüylü kediler için tel fırça, kısa tüylü kediler için eldiven fırça yararlı olabilir. Fırçalamanın sabah akşam yapılması tüylerin  ve derinin daha sağlıklı ve canlı olmasını sağlar. Her gün kedinizi fırçalarken aynı zamanda rutin kontrollerini yapmayı ihmal etmeyin. Kulak içi, derisinin değişiklikleri, gözlerinin ve ağız içini devamlı kontrol ediniz. Aksi bir durumda mutlaka bizlere  danışmalısınız.\r\n\r\n \r\n\r\nBeslenme: Ömür boyu sürecek bir sağlık için kedinizin ilk yılı oldukça kritiktir. Bilinçli ve dengeli besleme yaşamın temel şartlarından biridir. Bu konuda yapılacak yanlışlar yaşam üzerine ciddi olumsuz etkiler(kas ve iskelet gelişim eksikliği, bağışıklık sistem eksikliği, bozuk tüy ve deri yapısı vb.) doğuracak ve birçok soruna yol açabilecektir.\r\n\r\nKediler, köpeklere göre gıda konusunda oldukça seçicidir. Yavru kedinizin beslenmesi için mutlaka veteriner hekimlerimize danışmalısınız. Veteriner hekimlerimiz kedinizin yaşına, ırkına ve yaşam şekline uygun yeterli ve dengeli bir beslenme programı belirleyeceklerdir.\r\n\r\nAşılar: Yavru kediniz mutlaka rutin olarak veteriner hekim kontrolünden geçmelidir. Hekimlerimiz, yavru kedinizin yaşına, ırkına ve yaşam alanına uygun bir aşı programı belirleyecektir. Yavru kedinizin aşı programı 8 haftalık olduğunda başlamalıdır. İlk aşıları bittikten sonra üç  ayda bir iç ve dış paraziter uygulamaları ve senede bir defa kuduz, karma ve lösemi aşılarının tekrarları uygulanmalıdır.\r\n\r\nİlk Defa Kedi Sahiplenecek Kişiler İçin Evde Kedi Bakımı\r\n\r\n1. İlk Gece\r\n\r\nKedinizi aldınız, hangi yaşta olursa olsun ilk dikkat etmeniz gereken konu; evinizin kediniz için yabancı bir alan olduğudur. Dolayısıyla evdeki diğer ü yelerle, varsa başka hayvanlarınızla kedinizi tanıştırmak için acele etmeyin. Bırakın kendisi tanısın, sınırlarını belirlesin. Mama kabının, yatağının ve kum kabının yerini göstermeniz yeterlidir. Kediniz yavru ise ilk gece yanına sıcak su dolu bir pet şişe veya polar battaniye koyabilirsiniz.\r\n\r\n- İLK GÜN TEHLİKELERİ\r\n\r\nİlk gün dikkat etmeniz gereken konuların başında kapı ve pencerelerin kapalı tutulması geliyor. Kediniz daha yeni evine alışmadığından bu tehlikelerin sonuçlarını bilemeyecektir. Ayrıca elektrik, telefon kabloları, topraklı saksılar ve kemirilecek çiçekler de büyük tehlikedir. Bitkiler çiğnendiğinde bu küçük bedende meydana getireceği zararları bilemeyiz. Bunların mutlaka ortadan kaldırılması gerekir. Özellikle zambak bitkisi kediler için zararlı bir bitki olarak bilinir. Evde bulunmaması gerekir.\r\n\r\n2. Mama Seçimi\r\n\r\nKediniz eğer genç yetişkin bir kediyse, aldığınız yerden daha önce kullandıkları mamayı öğrenip ona devam edebilirsiniz. Eğer yavru kediyse, gelişime en çok ihtiyaç duyduğu dönemde demektir. Önceden kullanılan mama yetersiz olabilir.  \r\n\r\nVitamin ve mineral açısından kuvvetli özel yavru kedi mamaları kullanılmalıdır.\r\n\r\n8-12 haftalık yavru kediler günde 4 kez, 3-6 aylık kediler günde 3 kez, 6 aylık olduktan sonra günde 2 kez mamaya ihtiyaç duyarlar. Yavru kediler için satılan konserve mamalar kuru mamayla karıştırıp verilmemelidir. Yiyemediği konserve mama mutlaka atılmalıdır. Ayrıca mama kabının yanında ayrı bir kapta her zaman temiz su bulunmalıdır.\r\n\r\n\r\n\r\n \r\n\r\nUnutulmaması gereken bir konu da yavru kedilere  asla süt verilmemelidir. Anne sütü dışındaki bütün sütler yavru kedilerde ishale ve ölümcül sonuçlara neden olabilir. Eğer evinizdeki kedi annesinden ayrılmak zorunda kalmış çok küçük bir kediyse veterinerle satılan özel anne sütü karışımlarından bir şırınga yardımıyla yararlanılabilir.\r\n\r\n \r\n\r\n3. Tuvalet Eğitimi\r\n\r\nKediler son derece temiz hayvanlardır, hiç korkunuz olmasın. Genç yetişkin kediler kum kabını gördükleri anda yapması gerekeni bilirler. Yavru kedilere ise tuvalet eğitimi (annesi ile yeterli süre birlikte kalabilmişse) anneleri tarafından verilmiştir. Eğer evinize aldığınız sokakta bulduğunuz annesiz bir kediyse, onu kum kabının başına götürün ve parmaklarınızla bir kaç kez kumu karıştırın. Sonra kediyi kum kabına bırakın. İçgüdüsel olarak ne yapması gerektiğini bir kaç seferde kolayca anlayacaktır.\r\n\r\nBurada en önemli ve zor konu tuvaletini kendi yapamayacak kadar küçük kedi bakımıdır. Bu kedilere aynı annesinin yalayarak yaptığı gibi, kendisi tuvaletini yapacak kadar büyüyene dek, 3-4 saatte bir ıslak pamukla tuvaletini yaptırmaya çalışmak gerekir. Aksi takdirde yavru kedi tuvaletini yapamayacak ve istenmeyen sonuçlar doğacaktır.\r\n\r\n 4. Kedi Tüyü\r\n\r\nDoğru bir mama, zamanında yapılmış aşılar ve rahat yaşam koşulları kedinizin tüylerinin ve derisinin sağlıklı olmasını sağlayacaktır. Normal bir kedi yılda iki kez tüy değiştirir. Ancak ev kedilerinde bu süre daha sık olabilir. Dolayısıyla düzenli olarak fırçalanması ve ölü tür ve derilerinin toplanması, hem kedinizin sağlıklı ve parlak tüylere sahip olmasını sağlayacak hem de gereksiz kıl yutmaları ve bağırsak tıkanmaları gibi problemleri engelleyecektir. Kedinizi eğer küçükken fırçalamaya alıştırırsanız ileride itiraz etmesini de engellemiş olursunuz. Çünkü sanıldığının aksine çoğu kedi fırçalanmaktan pek hoşlanmaz.\r\n\r\nBurada önemli olan kedinizin tüy yapısına uygun bir fırça seçmek ve fırçalamaya baş bölgesinden başlayıp kuyruğa kadar kesintisiz devam etmektir.\r\n\r\n 5. Göz Bakımı\r\n\r\nÖzellikle yavru kedilerde annesinden erken ayrılmış olması sebebiyle göz kapanması, çapaklanması gibi problemler görülebilir. Normal şartlarda annesinin yalayarak temizlemesi ile iyileşen bu enfeksiyonu artık siz tedavi etmek zorundasınız. Serum fizyolojik çözeltisi kullanarak bir pamuk yardımıyla gözlerini günde bir kaç kez temizleyin. Eğer geçmiyorsa veteriner hekime göstermekte yarar vardır. Aksi takdirde kapalı kalan yavru kedilerin gözleri körlükle sonuçlanabilir.\r\n\r\nKaynak : https://www.evdekedivar.com , http://www.pegasos.com.tr','2021-08-03 19:12:10.252825',1,'images/iran-kedisi_SjoJwlE.jpg',1),(12,'Bir köpeğe nasıl bakılır?','bir-kopege-nasil-bakilir','2021-08-03 19:21:10.510137','Yavru köpeği ilk edindiğinizde dikkate almanız gereken birçok ayrıntı bulunur ancak ihtiyaçlarını anlamak için en başından kendinize zaman tanımanız köpeğinizin fiziksel ve duygusal sağlığının ilerlemesini sağlayacaktır.\r\nKöpeğinizin sağlık ve sıhhati ile ilgili ihtiyaçlarını etkileyecek, özellikle ırkı ve yaşı gibi birkaç faktör bulunmaktadır. Beslenme gereksinimlerinden egzersiz ve bakıma kadar her şeyin köpeğin özellikleri dikkate alınarak göz önünde bulundurulması önemlidir.\r\n\r\nEgzersiz\r\nTüm köpeklerin egzersiz yapmaya ihtiyacı vardır ancak egzersizin miktarı ve türü yaşlarına, büyüklüklerine ve ırklarına göre değişir.\r\n\r\nEgzersiz yapabileceği bir alan ve zaman aralığının olmasına dikkat edin: Köpeğin yürüyüşleri, yalnızca tuvalet zamanı olarak düşünülmemelidir.\r\nAz ve sık: Orta boy, büyük ve çok büyük köpeklerin kemik ve eklemlerinin geliştiği büyüme dönemlerinin daha uzun olduğunu unutmayın. Bu nedenle, daha da büyüyene kadar uzun yürüyüşlere çıkmamaları veya belirli sporları yapmamaları gerekir, aksine bu faaliyetlerin az ve sık olması tercih edilmelidir.\r\nOyuna zaman ayırın: Oyunlar, bir köpeğin egzersizinin doğal bir parçasıdır ve psikolojik gelişimine yardımcı olur. Köpeğinize birkaç yönden faydalıdır: Onunla zaman geçirmiş olursunuz, bağlanmayı destekler, kilosunu kontrol altında tutar, zinde kalmasını sağlar ve kalp damar ve bağışıklık sistemini güçlendirir.\r\n\r\nÇevre\r\nYavru köpekler, çevrelerini çok çabuk kavrar ve yaşadıkları herhangi bir olumsuz deneyimin kalıcı etkisi olur. Yavru köpeğin davranışsal gelişiminde, 4 haftalık iken başlayan ve 14 haftalık olana kadar devam eden sosyalleşme dönemi dahil birkaç aşama vardır.\r\n\r\nKorku dönemi bu sosyalleşme döneminin içindedir. Bu esnada meydana gelen herhangi bir travmanın kalıcı, olumsuz sonuçları olabilir. Bu nedenle, ilk günden itibaren yavru köpeğin çevre ile ilgili deneyimlerine dikkat etmek önem taşır.\r\n\r\nKendine ait bir yatağı olsun: Köşesine çekilebileceği ve kendini güvende hissedebileceği bir yatağı olmasına dikkat edin.\r\nUyarıcı bir çevre sağlayın: Örneğin, gizlenmek için büyük bir karton kutu ve çiğnemek için kauçuk oyuncaklar en gözde uyaranlardır. Tüm oyun zamanlarının gözetim altında geçirilmesine dikkat etmek önemlidir.\r\nYavru köpeğinizi yeni çevresine yavaş yavaş alıştırın: Şehirde yaşıyorsanız, yavru köpeğinizi karşılaşmak zorunda kalacağı otomobil, yürüyen merdiven, asansör, tren, tramvay veya otobüs gibi şeylere yavaş yavaş alıştırmanız gerekir.\r\nYalnız kalması için eğitin: Yavru köpek ara sıra yalnız kalmayı da öğrenmelidir.\r\nDiğer köpeklerle tanıştırın: Sosyalleşmelerine yardımcı olmak için yavru köpeklerin diğer köpeklerle ve diğer hayvanlarla karşılaşması ve mümkün olduğunda aile gezilerine katılması gerekir.\r\nDışarı çıkarın: Yavru köpeğinizi dışarı çıkarmak için beklemeyin. İki aylıktan itibaren çevresini keşfetmeye başlamalıdır.\r\n\r\nBeslenme\r\nEgzersizde olduğu gibi, yavru köpeğiniz büyüdükçe beslenme ihtiyaçları da değişir. Başlangıçta, yavru köpekler günde birkaç küçük öğün isteyecek ve yavaş yavaş bir veya iki öğüne düşecektir. Aynı şekilde, köpeğinizin boyutu ve ırkı, bazı köpeklerin diğerlerine karşı farklı sindirim toleranslarına sahip olması nedeniyle beslenme gereksinimlerini etkileyecektir. Köpekler her zaman suya erişebilmelidir ve onları aşırı beslememek önemlidir.\r\n\r\nNe kadar beslenmeleri gerektiğinden veya büyüme aşamalarının bunu nasıl etkileyeceğinden emin değilseniz, veteriner hekiminizden tavsiye isteyin. Veteriner hekiminiz, optimal büyüme için rehberlik sağlayabilir; obeziteyi ve gelişen eklemlere aşırı yük binmesini önlemeye yardımcı olacak tavsiyeler verebilir.\r\n\r\nKöpeğinizin tüketeceği yiyeceğin enerji vermesi gerekir, aynı zamanda sindirim, cilt, diş, eklem ve yaşa bağlı sorunları önlemeye yardımcı olarak vücudun hücrelerini inşa etmek ve korumak zorundadır. Sağlıklı beslenmenin gereklerini karşılayan besleyici bir mama, doğru miktarda besin kaynağını bir arada sunar.\r\n\r\nMamaları aniden değiştirmeyin: Eve ilk geldiğinde yavru köpeğin sindirim sistemini rahatsız etmekten kaçınmak için size gelmeden önce yediği mamanın aynısını verin. Mamasını değiştirmek isterseniz, bunu bir haftalık geçiş dönemine yayarak ve eski ve yeni mamaları farklı oranlarda karıştırarak yapın.\r\nYaşına göre doğru mamayı alın: Yavru köpekler için büyüme ihtiyaçlarına mükemmel şekilde uyan, yaşlarına uygun özel bir formül bulunmaktadır. Optimal büyüme için veteriner hekiminizin tavsiyelerine uyun.\r\n\r\nRutin oluşturun: Köpekler sürü hayvanlarıdır ve net hiyerarşik işaretlere ihtiyaç duyarlar. Evde baskın olanın siz olduğunu anlaması için yavru köpeğinizi her gün aynı yerde, aynı anda ve siz ve aileniz yemek yedikten sonra besleyin. Yemek yedikten sonra, mümkünse yavru köpeğinizin bir veya iki saat kadar zıplamasını önleyin.\r\nÖdül mamalarını kural değil, ayrıcalık olarak sunun: Ödül mamaları, köpeğinizi ideal kilosunda tutmaya yardımcı olmak için ayrıcalık olarak sunulmalıdır. Çikolata köpekler için zehirli olabileceğinden, şeker ve çikolata kesinlikle verilmemelidir. Düşük kalorili mama taneleri eğitime yardımcı araç olarak kullanılabilir.\r\n\r\nBakım ve sağlık\r\nDüzenli bakım, bakıma alışmaya yönelik iyi bir alışkanlıktır. Yavru köpeğinizin derisinin ve tüylerinin sağlığını desteklemenin yanı sıra aranızdaki bağın güçlenmesine yardımcı olur. Ayrıca dış parazitler, cilt hastalıkları gibi anormallikleri veya rahatsızlık olan bölgeleri erken bir aşamada saptama olasılığınızı artıracaktır. Çoğu köpek erken yaşta alıştırıldığında kendilerine bakım yapılmasından mutluluk duyar, ancak başlamak için asla geç değildir!\r\n\r\nDiş bakımına küçükken başlayın: Bu sayede yavru köpeğiniz, dişlerini köpekler için özel olarak tasarlanmış bir diş fırçası ve diş macunu ile fırçalatmaya alışır. Yavru köpeğinizin dişlerini haftada birkaç kez fırçalamaya çalışın.\r\nAşı için randevu alın: Aşılar, bulaşıcı ve bazen ölümcül olan hastalıkların önlenmesine yardımcı olur. Bazı aşılar zorunluyken bazılarının yapılması tavsiye edilir. Yavru köpekler için aşılama programı genellikle altı ila sekiz haftalık iken başlar.\r\nVeteriner hekiminizden kurtlar ile ilgili bilgi isteyin: Köpek yavrularında kurtlar sık sık bulunur ve kurt tedavisi yavru köpeğiniz altı aylık olana kadar her ay ve sonrasında altı ayda bir yapılmalıdır. Veteriner hekiminiz yavru köpeğiniz için en iyi programı önerebilecektir, bu nedenle verdiği talimatlara uymak önemlidir.\r\nVeteriner hekiminizden pirelere karşı korunma ile ilgili bilgi isteyin: Yavru köpeğinizi pire ve kenelere karşı korumayı unutmayın. Korumanın işe yaraması için hem köpeğin tedavi edilmesi hem de ortamın işlemden geçirilmesi gerekir. Veteriner hekiminizden tavsiye isteyin.     \r\nEvcil hayvanınızı kısırlaştırmayı düşünün: Kısırlaştırma yapıp yapmamaya karar vermek, dikkatlice düşünülmesi gereken önemli bir seçimdir. Kısırlaştırmanın olası faydaları ile köpeğinizin ileride üreyebilme ihtimalini karşılaştırarak karar vermeniz önemlidir.\r\n\r\nEğitim\r\nİyi davranış ve itaat eğitimi erken başlamalıdır. Eğitim programınız, yavru köpeğinizin doğası gereği mükemmel bir öğrenme kapasitesine sahip olduğu, mümkün olan en erken yaşta başlamalıdır.\r\n\r\nHem sizin hem de diğer insanların rahat etmesi için köpeğinizin bazı temel yaşam kurallarını anlaması gerekir. Köpeğinizin eğitimi için profesyonel yardım almaktan çekinmeyin. Bu amacınız doğrultusunda size yardımcı olabilecek birçok köpek kulübü veya yavru köpek okulu bulunmaktadır.\r\n\r\nEv içi eğitim: Evinize geldiğinde, yavru köpeğiniz büyük olasılıkla ev içi eğitimi almamış olacaktır. Eğitim zaman ve sabır ister; bir kazaya sebebiyet vermiş bir yavru köpeği asla cezalandırmayın veya azarlamayın. Aksine, yavru köpeğinizin evin içinde olmayı istememe ihtiyacını önlemenin yollarını bulun.\r\nHatırlatmaya erkenden başlayın: En baştan itibaren, dikkatini çekmek ve ismini her bir komutla ilişkilendirmek için ismini yavaş ve net bir şekilde söyleyin. Sizi tanımasına yardımcı olmak için dikkatli olduğu anları seçin ve ona itaat etmeyi öğretmek için size doğru gelmesini isteyin.\r\nOnu yavaş yavaş arabaya alıştırın: Tedirgin olmaması için yavru köpeğinizi erken yaşta arabaya binmeye alıştırın. Herhangi bir uzun yolculuk öncesinde kısa sürüşlere çıkın.\r\nYavru köpeği ilk edindiğinizde, fiziksel ve duygusal sağlığının korunması için ihtiyaç duyduğu ilk şeyler de dahil dikkate almanız gereken birçok bilgi olabilir ancak doğru şekilde başlamanız, yol kat ederken işleri hem sizin hem de köpeğiniz için kolaylaştıracaktır. Herhangi bir konuda tereddüt etmeniz durumunda veteriner hekiminiz tavsiye ve destek sağlayabilmelidir.','2021-08-03 19:19:03.631756',1,'images/golden.png',3),(13,'KÖPEK SAĞLIĞI VE BAKIM','kopek-sagligi-ve-bakim','2021-08-03 19:23:20.972258','KÖPEK SAĞLIĞI VE BAKIM\r\n\r\nHer canlı varlık gibi köpekler de, yaşamlarını sağlıklı sürdürebilmek için, belirli ortam ve koşullara gereksinme duyar.\r\n\r\nBarındıkları yerin sağlıklı yaşamalarına elverişli olup olmadığından tutun, gereksindikleri besin türü ve oranının karşılanıp karşılanmaması, temizlik ve bakımlarının yapılıp yapılmaması, hareket etme ve dolaşma olanağı bulup bulmamalarına değin pek çok etken, sağlıkları üstünde tesirler yaratır. her ne kadar dış koşullardan etkilenmeyen kişiler için it gibidir, ona bir şey olmaz! Derlerse de, köpekler, itinalı bakım isteyen nazik varlıklardır. barındırılmaları, beslenmeleri, bakım ve temizlikleriyle diğer gereksinimlerinin karşılanmasında titiz davranılmalıdır. ufak ihmaller, önemsiz gibi görünen savsaklamalar, bilgisizlikten doğan yanlış uygulamalar, köpek sahibinin büyük çaba ve emekle bile gideremeyeceği sakıncaların kaynağı olabilir. dolayısıyla, köpek bakımında ve onların sağlıkla yaşamalarında büyük önem taşıyan esas konulardan \"barınma ve beslenme\" üstünde ayrıntılarıyla durmaya çalıştık. şimdi de, büyük önem taşıyan diğer bir hususa, köpeğin bakımına değineceğiz.\r\n\r\nKöpeğin bakımı:\r\n\r\nKöpek barınağının bakım ve temizliği\r\nKöpeğin vücut bakımı, temizliği ve egzersizleri olmak üzere iki ana bölümde ele alınabilir.\r\nKöpek barınağının bakım ve temizliği\r\n\r\nKöpek barınağının sadece sağlık koşullarına ideal oluşu yeterli değildir. kullanılan her konut gibi köpek kulübesi de vakit içerisinde kirlenir, aşınır. bakım ve temizlik gerektirir. daha önce de değindik, kullanma ve bakım açısından köpek kulübelerinin yeri büyük önem taşır. kulübe, köpeğin döküntü ve artıklarının ev halkını, eve gidip geleni rahatsız etmeyeceği kadar eve uzak, bakımının kolaylıkla yapılabileceği kadar yakın olmalıdır.  \r\n\r\nKöpeğin kulübesi her gün temizlenmelidir.\r\nKöpeğin minderi her gün dışarı alınmalı, silkelenmeli ve havalandırmalıdır.  \r\nKulübenin içi, tüy artıklarından, döküntülerden süpürülerek temizlenmeli, parazit bulunup bulunmadığı denetlenmelidir.  \r\nOn-on beş günde bir parazitlere karşı ilaçlama yapmak yerinde bir önlemdir.\r\nKirlenen, ıslanan minderlerin temizliğine, kuru ve rutubetsiz olmasına itina gösterilmelidir. Minderler gerektikçe değiştirilmelidir.\r\nKulübe çevresinin temizliğine en az barınağın temizliği kadar itina gösterilmeli, yiyecek, döküntü, tüy gibi artıklar itinayla toplanılarak bahçenin uzak bir köşesinde açılan çukura gömülmelidir. Böylece, insan sağlığına da zarar verebilecek olan parazitlerin neden olabileceği tehlikelerden korununmuş olur.\r\nKulübede vakit geçtikçe oluşabilecek çürüme, kırılma, çatlama, boyaların dökülmesi gibi arızalar savsaklanmadan giderilmelidir. akan bir dam, rutubet, su geçiren bir taban, yağmurların süzüldüğü, asalakların barındığı çatlak duvarlar büyük sorunlara yol açar.\r\nKöpeğin Vücut Bakımı, Temizliği Ve Egzersizleri\r\n\r\nBakım, köpeğin sağlığını ve iş verimini olduğu kadar, görünümünü ve güzelliğini de tesirler. bakımı gereğince yapılan köpek, kendini daha ilk bakışta belli eder. tüylerinin parlaklığı ve düzeninden, hareketlerinin canlılığına, bakışlarındaki dikkat ve zekadan, davranışlarındaki güven ve uyuma değin her şey bunu yansıtır. hepsinden önemlisi, bakılan köpek sevilen köpek demektir, değer verilen köpek demektir. bu ise, bir köpeğin yetiştirilmesinde besin kadar önemli bir öğedir. köpek bakımı belirli başlıklar altında toplanabilir. Bunları şu şekilde sıralayabiliriz:\r\n\r\n1. Tüylerin Ve Derinin Bakımı: Köpek postlu bir hayvandır. Bu post, onun dış etkilere karşı korunmasını sağladığı gibi görünümünü güzelleştiren bir değer de taşır. Köpeklerin bir bölümünün tüyleri kısa, bir bölümünün orta uzunlukta, bir bölümünün ise olabildiğince uzundur. Doğal olarak uzun tüylü türler, daha büyük ve itinalı bir bakım gerektirir. Bilhassa tüy değiştirme vakti olan ilkbahar, ve sonbahar süresince, bu iş daha büyük bir önem kazanır. Lazım bakım yapılmadığı takdirde, köpeğin yaşadığı bütün çevre tüy döküntüleriyle dolar. Bu ise insanların sağlığı açısından büyük sakıncalar içerir. Köpek için ise başka açıdan önem taşır. Fırçalanmayan ve bakılmayan tüyler, köpeği rahatsız eder, kaşındırır. Onları kendi çabasıyla düşürmeye çalışır. Bu ise yaralanmasına, cildinin çizilmesine ve mikrop kapmasına yol açabilir. Bazı deri hastalıkları ortaya çıkabilir. Tüm bu sakıncaları önlemek, köpeğin sağlıklı bir cilde ve tüylere sahip olmasını sağlamak için, normal zamanlarda günaşırı, tüy dökümü süresince günde bir kez fırçalamak yararlı ve lazımdır. Ancak, derinin bu devre içerisinde son derece hassaslaştığı unutulmamalı, sert kıllı fırçalar kullanmaktan uzak durulmalıdır. Köpeğin özel bakım gerektiren bir tür olmadığı durumlarda, genel olarak şu şekilde bir yol takip edilebilir. Tüylerin fırçalanmasına baş üzerinden başlanılır ve orta sertlikteki kıl fırça ile hayvanın gerisine doğru sıkıca sıvazlanarak taranır. Sırt bölgesinin taranması bitince, göğüs yöresi ve köpeğin yanları aşağıya doğru ayaklara varıncaya değin tertipli sıralar durumunda fırçalanır. Bundan sonra kıllar çıkış yönünün tersine, bir kez daha fırçalanır. Bu tarayış, kıl diplerini güçlendirdiği, deriye masaj yerine geçtiği gibi, kıl diplerine yerleşmiş bulunmakta olan toz ve zararlı maddeleri de kabartır. Bundan sonra, tekrardan düzgün yönde bir fırçalama ile tüy bakımının birinci aşaması bitirilir. Islatıldıktan sonra sıkılarak suyu iyice alınan pamuklu bir bez parçası, eski bir fanila ile köpeğin tüyleri çıkış yönünde bastırılarak silinir. Göğüs, karın, bacak ve bacak araları iyice temizlenir. Bu arada deri iyice araştırılarak, kene, pire gibi zararlıların bulunup bulunmadığına bakılır. Şayet görülürse tedbirleri alınır.\r\n\r\nKısa Tüylü Köpeklerin Taranması: Kısa tüylü köpeklerin taranmasında kısa ve yumuşak kıllı fırçalardan yararlanılır. Sert ve uzun kıllı fırçalar kullanım bakımından elverişsiz olduğu gibi, köpeğin derisini de çizebilir. Bundan sonra tüylerin çıkış yönüne doğru yapılan fırçalanmayla tüm toz ve pislikler atılır. Köpeğin tüyleri tertipli, parlak ve sağlıklı bir görünüm kazanır.\r\n\r\nUzun Tüylü Köpeklerin Taranması: Uzun tüylü köpeklerin taranmasında, uzun ve sert kıllı fırçalardan yararlanılır. Böylece sık ve uzun tüylerin arasına girip onları temizlemek ve havalandırmak, düzenlemek olası olur. Bu hedefle, dişleri aralıklı taraklardan, tel fırçalardan da yararlanılabilir. Bilhassa kaniş gibi tüyleri kıvırcık ve sert olan çeşitlerin tüy bakımında böyle taraklar ve tel fırçalar lazımdır.\r\n\r\n2. Dişlerin Bakımı: Genç ve sağlıklı köpeklerin dişleri beyaz, parlak ve diş taşlarından temizlenmiştir. Diş sağlığının, yaşla olduğu kadar beslenme ve bakımla da büyük ilişkisi vardır. Gelişme çağlarında kalsiyum ihtiyacı yeterince karşılanan köpeklerin dişleri kuvvetli ve sağlam olur. Erişkin olduğunda, gevrek, iri sığır kemiği verilen köpeklerin dişlerinde diş taşları oluşamaz ve dişler aşınmalara karşı direnç kazanır. Dişlerdeki renk sararması, kötü ağız kokuları her zaman diş taşlarından ileri gelmez. Kimi kere bunların sebebi sindirim bozukluklarıdır. Dişlerde görülen önemli arızalar ve diş taşları için kesinlikle bir veteriner hekime gitmek gerekmektedir. Ancak, kirli ve sararmış dişler, sertçe bir bezi limon suyuna batırarak silmek veya hidrojen perokside batırılmış bezle oymak suretiyle temizlenip beyazlatılabilir. Dişleri temizlemek amacıyla, kullandığımız türde diş fırçalarından da yararlanmak mümkündür.\r\n\r\n3. Göz Ve Kulak Temizliği: Sağlıklı bir köpeğin gözü temiz, parlak ve canlıdır. Çapaklı, donuk ve kanlı gözler sağlıksızlık belirtisidir. Köpeklerde göz temizliğine itina göstermek, çapaklanma ve kanlanma olduğunda, asit borikli suya batırılmış bir pamukla gözleri silip temizlemek gerekmektedir. Çoğunlukla üşütmeden ileri gelen çapaklanmalarda camomile ve borasit solüsyonlarının kullanılması yarar temin eder. Aşırı ve inatçı olaylarda veteriner hekime başvurulmalıdır. Kulaklar, köpeklerin önemli olduğu kadar hassas ve hastalıklara açık bir organıdır. Köpeğin tüylerinin fırçalanması sırasında kulaklar özellikle incelenmeli kulağın içerisine doğru giden kıllar dışa doğru taranmalıdır. Köpeklerin kulaklarında, havadaki tozların kulak içlerine girmesini önleyen bir nemlilik vardır. Bunu, kulakta bulunmakta olan salgı bezleri temin eder. Böylece kulak kepçesinde tutulan kirler, hassas bölgelere girme olanağı bulamazlar. Ancak bunların kulak kepçesinde de fazla miktarda birikmesi hastalıklara yol açar, sakıncalar doğurur. Bunların, asit borikli suyla hafifçe ıslatılmış veya zeytinyağı ile nemlendirilmiş bir pamuk parçasıyla gerektikçe temizlenmesi zorunludur. Ancak bu temizleme sırasında büyük itina gösterilmeli kulak iç kulak kepçelerinde biriken kirlerin temizlenmesi, kulak sağlığı konusunda ilerde doğabilecek sorunların önüne geçer. Kulakta görülebilecek akıntılarda dikkatli olunmalı, böyle durumla karşılaşıldığında vakit yitirilmeksizin veterinere başvurulmalıdır. Çünkü bu belirti, önemli bazı hastalıkların habercisi olarak görülebilmektedir.\r\n\r\n4. Ayak Ve Tırnakların Bakımı : Özellikle ev dışında yaşayan, av gibi yürüyüş gerektiren görevler yüklenmiş bulunmakta olan köpeklerin ayaklarında aşınmalar, yaralanmalar, çizilmeler, tırnak kırılmaları görülebilmektedir. Dolayısıyla, yapılan bakım sırasında ayaklar da gözden geçinilmeli, hayvana rahatsızlık veren bir durum olup olmadığı araştırılmalıdır. Ayak ve tırnaklar bu iş için kullanıma elverişli bir fırça ile fırçalanmalı, şayet varsa, tırnak arasına sıkışmış olan kurumuş çamur parçaları, toz ve kinler temizlenmelidir. Dolaşılan yerlerde bulunmakta olan keskin kenarlı kayalar veya kırık cam parçaları, köpeğin taban yastıklarında derin kesiklere neden tırnaklarda kırılmalar olabilir, taban yastıklarına kıymık, diken batabilir. Bu gibi durumların bakım ve tedavisi esnasında yapılmalı, kesik, çizik ve tırnak yaralarının ihmal edildiğinde zaman zaman büyük problemler çıkartabileceği unutulmamalıdır. Kırılan tırnaklar gibi aşırı uzayan tırnaklar da bakım gerektirir. Normalden fazla uzayan tırnaklar kimi kere kıvrılarak köpeğin etme batar ve iltihaplanmalara yol açar. Kimi kere ise, sağa sola takılarak köpeği rahatsız eder ve sonunda kötü bir şekilde kırılır. Tüm bu nedenlerle zaman zaman köpeğin tırnağını kesmek gerekmektedir. Köpeğin tırnağı, ya bu iş için özel olarak yapılmış bulunmakta olan papağan gagası adıyla anılan özel bir makasla, ya da manikür takımlarında bulunmakta olan gelişi hoş bir tırnak pensi ile kesilebilir. Tırnak kesilmesi,düşünüldüğü kadar basit bir iş değildir. Yanlış ve hatalı kesim büyük problemler yaratabilir. Tırnağın kesim sırasında fazla derin alınması kanamalara ve iltihaplanmalara yol açar. Resimdeki kesime dikkat ediniz. Tırnak, fazla derine gitmeden ve tırnak ucu kütleştirilmeden kesilmektedir. Pürüzlü ve kırık tırnakları törpülemek gerekmektedir. Bu hedefle bildiğimiz tırnak törpüleri kullanılır. Törpülemenin, tırnağın çıkış yönünde olması gerekmektedir. Ters yöne doğru yapılan törpüleme tırnak köklerini zedeler ve iltihaplandırır. Bakımlı ve sağlıklı bir köpeğin ayaklarında, tırnaklar arasında yabancı gelişi hoş bir madde bulunmaz. Tırnaklar bakımlı ve düzgündür. Uzamış, çatlamış, kırılmış tırnak yoktur. Taban yastıkları bakımlıdır, kesikler, yaralar ve kabuklanmalar görülmez.\r\n\r\n5. Yıkama Ve Temizleme : Köpeklerin cilt dokusu, insanlarınkine oranla çok değişiktir. Köpeklerin ter bezleri yoktur. Yani terlemezler. Köpeğin derisi insanınki gibi hava almaya elverişli yapıda da değildir. Buna rağmen köpek zengin sayılabilecek yağ dokusuna sahiptir. Bu yağ bezleri deriyi yumuşak ve dirençli kılan. Köpekleri, koktukları gerekçesiyle sık ve aşırı yıkayanlar, onların sağlığıyla oynar. Köpek, zorunluluk olmadıkça yıkanmamalıdır. Yıkanması gerektiğinde, bu sıcak yaz aylarına rastlatılmalıdır ya da çok iyi kurulanmasına itina gösterilmelidir. Aşırı yıkama derideki yağların yitirilmesine, derinin kuruyarak çatlamasına, tüylerin canlılığını kaybetmesine yol açar. Soğuk havalarda, bilhassa ev dışında barındırılan köpeklerin yıkanması şiddetli soğuk algınlıklarına neden olabilmektedir. Köpek, sağlığı açısından lazım olduğunda veya sıcak yaz aylarında sı olmamak koşuluyla yıkanabilir. Köpeğin yıkanmasında bazı noktalara dikkat edilmelidir. Köpeğin yıkama suyu veya soğuk olmamalı, 35 c0 dolaylarında bulun malıdır. Köpeğin yıkanmasında kullanılacak şampuan, içerisinde yağ ihtiva etmelidir. Kulaklara su kaçmaması için, birer parça pamukla kulakların kapatılması yerinde bir önlemdir. Çünkü, kulağa kaçan su büyük sakıncalar doğurur. Yıkanacak köpek, bir banyo küvetine, genişçe bir lavaboya veya leğene yerleştirilir. Baş kısmı hariç bütün gövde hoşça ıslatıldıktan sonra şampuan dökülerek köpürtülür ve bu köpükler, başın dışında tüm vücuda yayılır. Parmaklarla köpeğin vücuduna masaj yapılarak kirler kabartılır. Daha sonra, bu köpükler tümüyle temizleninceye, tüyler arasında sabun zerrelerinin kalmadığına emin olununcaya değin, ideal sıcaklıktaki suyla yıkanır. Bu arada, bir sünger ıslatılıp iyice sıkıldıktan sonra, köpeğin başı, yüzü, ağzının çevresi, gözlerin etrafı iyice silinip temizlenir. Bundan sonra köpek, yıkanılan yerden bir havluyla alınır. Ilık, rüzgarsız, hava cereyanı olmayan bir yerde, şayet varsa elektrikli kurutma makinesi ile, yoksa havlu ile olası olduğunca kurulanır. Tüyler çıkış yönünde taranıp fırçalanır. Şayet hava soğuksa, vücuttaki rutubet tamamıyla gidinceye kadar ev içerisinde tutulur. Hava güneşli ve sıcaksa, serbest bırakılarak, hareket hainde iken tüylenin kuruması ve güneşlenmesi için olanak tanınır. Ağız etrafında uzun tüylere sahip olan köpekler, yemek sırasında bunları kirletir. Böyle özellik taşıyan köpeklerin ağız yöresindeki tüyler, suyu sıkılmış ıslak bez veya süngerle temizlenebilir. Köpeklerin sıkça yıkanması, yukarda belirttiğimiz gibi, türlü sakıncalar doğurur. Dolayısıyla, köpeğin temizliğinde başka yöntemler de uygulanır. Bu hedefle testere talaşı denilen çok ince tahta talaşından yararlanılır. Toz durumundaki bu talaş, köpeğin kıllarının arasına avuç avuç dökülerek tüylerle birlikte iyice ovuşturulur. Daha sonra, bunları dökmek için köpeğin tüyleri fırçalanır. Ufak yapılı, uzun ve seyrek tüylü, beyaz renkli bazı köpekler, beyaz tebeşir pudrası ile temizlenmekte iseler de, bu işlem tebeşir tozlarının çevreye dağılması nedeniyle pek pratik değildir.\r\n\r\n6. Köpeğin Gezdirilmesi Ve Egzersizleri : Tüm köpekler, türden türe müddeti ve meziyeti değişmekle birlikte, hareket etme ve egzersiz yapma ihtiyacı duyar. Devamlı olarak evde yaşayan, narin yapılı bir süs köpeği, bile, bu ihtiyacı yeterince sağlanmazsa, normal halini, hareketliliğini, neşesini ve zaman zaman de sağlığını yitirir. Bu tür köpeklerin zaman zaman bahçeye çıkartılarak gezdirilmesi gerekmektedir. Onların sağı solu dolaşmaları, öteyi beriyi koklamaları içgüdülerini canlı tutmaya, çeşitlerine özgü koklama ve işitme duyularını doğal ortam içerisinde sınayarak özgüvenlerini kazanmalarına yarar. Bununla birlikte, böyle narin çeşitlerin, fazla alışmış olmadıkları dış ortamda uzun müddet bırakılmaları, elverişsiz havalarda çıkartılmaları sağlıkları üstünde iyi etki bırakmaz. İri yapılı köpeklerin, özellikle özel amaçlarla eğitilip çalıştırılan görev köpeklerinin bu ihtiyacı çok daha fazladır. Bunlar, açık havada koşma, serbest kalma, eğitildikleri alanda egzersiz yapma ihtiyacı duyarlar. Yarış köpekleri, av köpekleri, koruma ve bekçi köpekleri, çoban köpekleri uzun müddet etkinlikten uzak ve sabit bırakılmamalıdır. İçgüdüsel tepkilerini doyurmak, eğitildikleri alandaki beceri ve kabiliyetlerini körleştirmemek için, sıkça ideal yörelere götürülerek serbest bırakılmalı. Egzersiz ve antrenman yaptırılmalıdır.\r\n\r\nKaynak: http://bilgiara.com/kopek-bakimi/mimm-kopek-bakimi.html','2021-08-03 19:23:20.972258',1,'images/beagle_kRXnzFK.jpg',1),(14,'Arkadaş','arkadas','2021-08-03 19:23:51.383777','asdasdasdasdasdasd','2021-08-03 19:23:51.383777',0,'images/maine-coon_Z7DCQt7.jpg',2),(15,'Evde Kuş Nasıl Bakılır?','evde-kus-nasil-bakilir','2021-08-03 19:27:39.873366','Hayvanlarla iletişim kurma isteği, sevgi bağını oluşturma beklentisi, sahiplenme duygusu insanın doğasında var olan özellikler ve geçmişi çok eski dönemlere kadar uzanmakta. Evcil hayvanlara olan eğilimlerin arasında kuş besleme ise toplumlarda oldukça yaygın bir istem ve merak. Evde kuş bakımı, diğer evcil hayvanlara göre daha basit gibi görünse de oldukça özen isteyen bir uğraş.\r\n\r\nKuş bakımında dikkat edilecek konulara bir göz atalım. Öncelikle birlikte olacağınız, bağ kuracağınız kuş cinsini belirlemeniz gerekmekte. Kanarya, bülbül, muhabbet kuşu, papağan iç mekan, güvercin dış mekan bakımında bakım için en yaygın ve tercih edilen türler. Burada, iç mekânda bakılacak türler için bilgilere yer verdik.\r\n\r\nKafes Şeçimine Dikkat Edin\r\nİlk yapılacak iş kuşun barınması için bir kafes temin etmek. Rahat hareket edebilmesi, oynayabilmesi, kafes içinde kolaylıkla dönebilmesi ( özellikle uzun kuyrukları olan papağanlar için), kendisini iyi hissedebilmesi için olabildiğince büyük, ferah olanını tercih etmelisiniz. Kafesin dış yüzey tellerinin yatay olmasına dikkat edin, kuşlar zaman zaman o tellere tırmanmak isteyecektir.\r\n\r\nKafesi doğrudan Güneş’i gören yerlere, pencere kenarına, klima yakınına koymayın Ancak, aynı zamanda Güneş ışığı kuşların tüylerinin canlı ve gösterişli olmasını sağlar, o nedenle oda içinde uçmaya bıraktığınızda Güneş ışığından mümkün olduğunca yararlanmasını da sağlayın. Tabi bir de kafesin kedilerin uzanamayacağı yerlerde olması göz önünde bulundurulması gerekenlerden.\r\n\r\nKafesin temiz tutulması son derece önemli. Dışkılarını bıraktıkları zemini sık sık temizleyin. Kafesin genel temizliğini ise her hafta mutlaka yapın. Sağlıklı olabilmeleri, kalabilmeleri için sizin yardımınıza muhtaç olan kuşların kafes temizliği ihmal edilmemesi gerekenlerden.\r\n\r\nTünek olarak kullanacağı yatay çubuğun plastik olmamasında yarar var, aksi takdirde plastik malzemeye tutunma güçlüğü çekecek, kayacaktır, o nedenle tırtıklı, ağaç olanını tercih edin. Bu tür bir tünek çubuğu aynı zamanda kuşun tırnaklarını törpülemesine, bakımlı kalmasın sağlayacak, sağlıklı tırnaklar da tutmak, tutunmak istediklerini rahatlıkla kavramasına yardımcı olacaktır.\r\n\r\nİnsanlardaki dişler gibi kuşların da gagalarının sağlıklı, bakımlı olması gerekmektedir. Bu ihtiyacını giderebilmeleri için kafesinde balık içerikli kemirme / gaga taşı kullanın. Aksi takdirde, ihmal edildiğinde, zamanla gagaları canlılığını ve dinamizmin kaybetmeye, uzamaya başlayacak, beslenme ihtiyacını gidermeleri için kullanma güçlüğü çekmelerine neden olacaktır.\r\n\r\nSuyunu Her Gün Değiştirin\r\nSulukların büyük çoğunluğu plastik içeriklidir. Sudan yararlanmasını sağlayacak şekilde kafesin içinde konumlandıracağınız suluğun yosun tutmasını engellemek için hemen hemen her günü suyunu değiştirin ve suluğunu temizleyin. Yedek suluk bulundurmanız temizleme işleminde size ve kuşa zaman kazandıracaktır.\r\nKafesin bulunduğu odanın, ortamın ısısının 20 derecenin altına düşmemesine özelikle dikkat edin.\r\n\r\nOyuncaklar Alın\r\nÖzellikle muhabbet kuşları için oyuncaklar pek önemli. Bu kuş türü oyunu çok seven bir cins olduğu için, kafesin içine koyacağınız çeşitli oyuncak türleriyle zaman geçirmek çok hoşuna gidecektir. Eğer kafesinde tek başına bakacağınız bir muhabbet kuşu tercih edecekseniz, bir de ayna bulundurun, bu kendisini yalnız hissetmemesini sağlayacaktır.\r\n\r\nKuşun Türüne Uygun Yem Seçin\r\nBeslenme faslında ise kuşyemleri öncelikli. Hangi kuş türünü besliyorsanız yemini de ona göre seçmeniz gerekir. İçinde değişik türlerde tahıllar bulunan kuş yemlerini tercih edin. Yemlerin üzerinde bir süre geçtikten sonra kabuklanma olur, bunu gidermek için yemlerin üzerine üfleyerek bu kabukların ayrışmasını sağlayın. Beslenmelerinde meyvelerden yararlanmalarını sağlamak da çok önemli, gagalayacakları meyveler vermeyi ihmal etmeyin.\r\n\r\nDuşa Sokmaya Kalkmayın\r\nYeterli derinlik ve genişlikteki bir kaba koyacağınız 1,5 – 2cm’yi geçmeyecek miktarda sığ bir suyla banyo yapmasını sağlayın. Ancak, bunu siz yapmaya kalkışmayın, elle yapılacak yıkamalar kuşlarda çeşitli fiziksel travmalara yol açacaktır. Yıkanma ihtiyacını hissettiğinde, gerekli ve yeterli ortam hazırlandığında kuşlar kendiliğinden bu ihtiyaçlarını giderebilmektedir.\r\n\r\nYakalamaya Çalışmayın, Avucunuzun İçinde Tutmayın\r\nUyku konumuna geçen kuşlara sakin ve sessiz bir ortam sağlayın, mümkün olduğunca rahatsız etmemeye özen gösterin.\r\nSevgi gösterisinde bulunmak adına yakalamaya çalışmayın, hırpalamayın, avuçlarınızın içinde tutmayın, sıkmayın; kaçma / yakalanma hissi kuşun size olan güvenini sarsacak, bu tür davranışlar fiziksel zarar görmelerine de yol açacaktır. Odada uçmaya bıraktığınızda, zamanla, sizinle yakınlaşmaya, tensel temasa kendiliğinden geçmeye başlayabileceklerdir.\r\n\r\nOdada Kuşların Zehirlenmesine Yol Açacak Btkiler Beslemeyin.\r\nDifenbahya, flamingo çiçeği, kasımpatı, devetabanı, kaladyum, açelya gibi saksı – salon bitkilerinin içerdikleri zehirli bileşenlerle tehlikelidir. Odanızda gönül rahatlığıyla bulundurabileceğiniz bitkiler arasında aloe vera ve Afrika menekşesi ise en başta gelir.\r\n\r\nEvinizin, ailenizin bireyleri olacak sağlıklı, zinde, şen şakrak, gösterişli kuş / kuşlar hayatınıza renk katacak, yaşam yolunda yoldaşınız olacak mükemmel varlıklardır.','2021-08-03 19:27:39.873366',1,'images/muhabbet-kusu_FP8Rumf.jpg',2),(16,'Muhabbet Kuşu Eğitimi Hakkında Bilgiler','muhabbet-kusu-egitimi-hakkinda-bilgiler','2021-08-03 19:32:14.760715','Muhabbet kuşları adından da anlaşılacağı gibi çift yaşaması uygun olan canlılardır. Ancak tek bir kuş olarak da bakılabilir. Muhabbet kuşlarının bakımları oldukça kolaydır. Küçük bir kafesin içinde ve gün içerisinde salınması ile küçük alanlarda yaşamlarını sürdüren muhabbet kuşlarının bakımında temel pek çok nokta bulunmaktadır.\r\n\r\nMuhabbet Kuşu Bakımı Nasıl Yapılır?\r\n\r\nMuhabbet kuşu bakımı ile eğitim aslında birbirlerine uzak olmayan paralel konulardır. Bu nedenle de bakımının eğitimi içinde çok dikkat edilmesi gereken noktaları bulunmaktadır. Muhabbet kuşları, doğal yaşamlarında oldukça geniş alanlarda yaşarlar. Ancak bu narin hayvanların yemek bulma ve yaşam mücadelesini sürdüremeyeceği doğa yerine evlerde uzun bir yaşam sürmesi daha çok tercih edilen bir durumdur.\r\n\r\nMuhabbet kuşlarının kafesleri küçük olmalıdır. Kendilerini özgür hissedecekleri kafesler tercih edilmelidir. Kafesin içine konacak olan tünekler hem kuşun rahat olmasını hem de tuvalet eğitimlerini kolayca almalarını sağlar. Muhabbet kuşları soğuğa karşı hassastırlar. Bu nedenle de kafeslerinin olduğu yer ne fazla sıcak ne de fazla soğuk, ılık belirli bir derecenin ortalamasında olması gerekir. Yem konusunda kuşunuzun yediği yemlerin takibini yaparak sevdiği türleri vermeniz gelişimi açısından da oldukça önemlidir.\r\n\r\nMuhabbet kuşları gaga bakımlarını da kendileri yaparlar bu nedenle de mutlaka kafesin içinde gaga taşı bulunmalıdır. Her gün suyunun ve gazete kağıdının (ya da kafese serilen peçetelerin) değiştirilmesi gerekmektedir. Muhabbet kuşlarını direk yıkamak kendisine zarar verebilir bu nedenle de küçük bir kabın içine su koyarak kendi kendine yıkanmasını sağlamak gerekir.\r\n\r\nVitamin verilmesi mutlaka belirli dozlarda veterinere danışarak yapılmalıdır. Bunun yanı sıra sebze ve meyvelerin verilmesinde herhangi bir sakınca yoktur. Muhabbet kuşlarının ev içinde salınmasının bir sakıncası bulunmamaktadır. Ancak mutlaka pencerelerin kapalı olması gerekmektedir. Belirli bir zaman sonra kendisi kafesine alışarak geri dönecektir.\r\n\r\nMuhabbet Kuşu Eğitimi Hakkında Bilgiler\r\n\r\nÖncelikle muhabbet kuşu bakımı için bilinmesi gereken en temel bilgi ilgiyi çok sevdikleridir. Bu prensip eğitimlerinde de çok önemlidir. Yeterli ilgiyi görmedikleri zaman hırçınlaşırlar ve kendilerini eğitime de kapatırlar. Muhabbet kuşunun eğitimi için en önemli etken evine alışmasıdır. Bu nedenle de yeni geldiği mekanlarda 1 - 2 hafta yerine alışması gerekmektedir. Kuşun yerine ve ailesine alışması gerekmektedir.\r\n\r\nEğitime başlanmadan önce mutlaka ödül mamaları ile tanıştırılması gerekmektedir. Muhabbet kuşunun sahibini tanıması çok önemlidir. Muhabbet kuşlarında ele alıştırma eğitimi yavaş yavaş yapılmalıdır. Öncelikle huzursuz etmeyecek hareketlerle ellerin yavaşça kafesin içine konularak kendisinin alışması sağlanmalıdır.\r\n\r\nEğer bu durum sağlanamazsa kuş huzursuz olur ve yabancılık çeker. Aynı zamanda kesinlikle muhabbet kuşu zorla ele alınmamalıdır. Bunun yanı sıra ilk denemelerde ele gelmeyebilir ancak birkaç denemenin ardından kişinin kokusuna alışarak rahatlıkla parmakların üstüne çıkacak konuma gelir. Bunun yanı sıra omuza gelmesi için ise kuş ile çok yakın ilgilenmeli, aktiviteler kuşun yanında gerçekleşmesi gerekir. Hatta ara sıra kuş le konuşulmalı ve uzun uzun sesli bir şekilde ona kitap dahi okunabilir.\r\n\r\nBu durum sahibine alışmasında oldukça önemli bir etkendir. Parmaklara alışmasının ardından yavaşça omuza konarak alıştırma yapılabilir. Konuşmasında da bu durum oldukça etkilidir. Kuşların konuşmasında ilk önce adının iyi öğretilmesi gerekir. Bunun dışında hafif kelimeler vurgulu ve sessiz bir tonda sürekli olarak tekrarlanarak kuşa söylenmelidir.\r\n\r\nİlk etapta anlamsız sesler çıkarsa da bu durum onun kelimelere alıştığının bir göstergesi olarak kabul edilebilir. Erkek muhabbet kuşları bu yöntem ile yaklaşık 100 kelimeye kadar öğrenebilir.','2021-08-03 19:32:14.760715',1,'images/muhabbet-kus2.jpg',3),(17,'Papağan nasıl bakılır?','papagan-nasil-bakilir','2021-08-03 19:37:49.508929','Papağan Nasıl Bakılır?\r\nPapağanlar gerçekten de diğer hayvanlardan biraz farklıdır. Hem bakımı daha kolay, hem de çekirdek ailenize yeni birini eklemenizi gerektirecek pek çok özelliğe sahip, yani insan gibidir. Bu sayfamızda Papağanınız ile mutlu günler geçirmeniz için gerekli tüm bilgilere yer vermek istedik. Papağanınıza ve size mutlu günler dileriz.\r\n\r\n\r\n\r\n\r\n\r\n\r\nPapağanınızı Seçerken Nelere Dikkat Etmeniz Gerekir?\r\n\r\n\r\nSatın alma aşamasında yavru bir çift tercih etmenizi öneririz. Çünkü çift yaşayan papağanlar hem sahibine bağlanır hem de kendi doğal ilişkisini yaşar. Yalnız bırakılan papağan ise sahibine o kadar bağlanır ki ayrılması durumunda önemli psikolojik problemler yaşayabilir. Bu yüzden eğer çalışıyorsanız her şeyi ona göre düşünün.\r\n\r\n\r\n\r\n\r\n\r\n\r\nPapağanınızın Size Alışması İçin İlk Günlerde Nelere Dikkat Etmeniz Gerekir?\r\n\r\n\r\nPapağanınıza vereceğiniz eğitim de çok önemli. O her yerde patron benim havalarında yürüse de asıl patron sizsiniz ve bunu ona öğretmelisiniz. Örneğin onu omuzunuza çıkartmanız kendisini güçlü hissetmesini sağlayabilir. Ayrıca böyle bir durumda oluşabilecek herhangi bir kıskançlık yada kızgınlık anında yanağınızda veya kulağınızda bir acı hissedebilirsiniz. Bu yüzden dikkatli olmalısınız.\r\n\r\n\r\n\r\n\r\n\r\n\r\nPapağanınızın Güvenini Nasıl Kazanırsınız?\r\n\r\n\r\nSatın aldığınız bir papağanın güvenini kazanmak kolay değildir.Papağanlar doğal ortamlarından insanlar tarafından yakalanıp getirildiği için insanlarla karşılaşmaları onlarda iyi bir etki bırakmaz.Daha sonra size gelinceye dek geçirdiği evreler mesela uzun yolculukları, kuş pazarlarında geçirdiği yaşam koşulları onları ürkek ve çekingen yapar. Papağanınız ilk zamanlar sizi yanına yaklaştırmayacak vahşice bağıracaktır. Bu çok normal bir davranıştır. İlk zamanlar ona fazla yaklaşmayın kendi halinde bırakıp bulunduğu ortama alışması için ona zaman verin. 2 ay bulunduğu yeri değiştirmeyin bu çok önemli eğer değiştirirseniz size alışma zamanı uzayacaktır. Ona yaklaşırken yumuşak ses tonuyla bağırmadan yaklaşın, o size izin verdiği kadar yaklaşın bağırdığı mesafeyi geçmeyin bu aranızdaki diyalog duvarıdır. Zamanla bu duvar aşılacak ama ilk başlarda sakın ona yaklaşmaya dokunmaya çalışmayın bu her şeyi daha da kötüye götürür.Size izin verdiği mesafede durun onunla bağırmadan yumuşak bir ses tonuyla konuşun sizden ona zarar gelmeyeceğini anlaması için biraz zamana ihtiyacı vardır.Daha sonra ona yaklaşmanıza izin verecektir.Papağanınıza yaklaşırken onun seveceği bir yiyeceği ona gösterin o yiyeceği yavaşça yiyecek kabına bırakın.Aradan zaman geçtikçe sizin elinizden o yiyeceği kendisi alacaktır.\r\n\r\n\r\n\r\n\r\n\r\n\r\nPapağanlara Nasıl Bir Eğitim Verilmelidir?\r\n\r\n\r\nPapağanınıza vereceğiniz eğitim de çok önemli. O her yerde patron benim havalarında yürürse de asıl patron sizsiniz ve bunu ona öğretmelisiniz. Örneğin onu omzunuza çıkartmanız kendisini güçlü hissetmesini sağlayabilir. Ayrıca böyle bir durumda oluşabilecek herhangi bir kıskançlık yada kızgınlık anında yanağınızda veya kulağınızda bir acı hissedebilirsiniz.\r\n\r\n\r\n\r\n\r\n\r\n\r\nPapağanlara Nasıl Konuşma Öğretilir?\r\n\r\n\r\nKuşların konuşma yetenekleri, aynı cinsler içinde bile belirgin olarak değişebilir.Afrika Gri Papağanı, tüm papağanlar arasında en doğal taklitçi olarak kabul edilir. Aynı zamanda, kuşların çoğunlukla kadın ve çocukların sesini erkeklere nazaran daha kolay taklit edebildiklerini aklınızda bulundurunuz. Elde yetişen papağanlar, insan sesine daha fazla alışkın olmalarından dolayı kendi ebeveynleri tarafından yetiştirilenlere göre çok daha erken konuşmaya başlarlar. Fakat bir kuşu konuşmaya başlatmak için de başka hiçbir kestirme yol yoktur. Bu tamamen bir sabır ve tekrar etme meselesidir. Ne kadar fazla kuşu eğitmek için zaman ayırırsanız, o kadar çabuk öğrenir\r\nBu işin anahtarı cümleleri ve kelimeleri küçük parçalara bölmektir. Kuş bir kez ilk bölümü başarı ile taklit edebilirse, sonrakileri üzerine ekleyerek devam edip tüm kelime, cümle veya şiiri oluşturursunuz.\r\nBir kuşa konuşmayı öğretirken ortamın sessiz olmasını sağlayınız. Kuşun bulunduğu yerden başlayacak şekilde, bir günde bir çok kez ders verebilirsiniz. Eğer her sabah aynı şekilde kuşunuza seslenirseniz, kısa zamanda o da benzer şekilde cevap vermeye başlar. Gün içerisinde, kuşu adını, adresini ve telefon numarasını tekrar etmeye teşvik ediniz. Bu, kuş çalındığı veya kaybolduğunda büyük önem taşır. Detayları beş dakikalık bir periyot boyunca kafese yakın oturarak açık bir şekilde tekrar ediniz. Her şeyin çabucak olması için acele ettirmeyiniz, yoksa kafası karışabilir.\r\nEvde oluşan bazı sesleri hiç eğitim almadan kuşlar taklit edebilirler. Çalan bir telefon buna tipik bir örnektir ve kuşun kusursuz tonlaması koşarak gelmenize sebep olabilir. Bu, eğer ısrarla küfür ederse oldukça problem olabilir. Bu tür davranışı düzeltmek oldukça zordur, ancak tekrarlamayı, uyaranı geri çekersek kuş ses veya kelimeyi daha az aklında tutabilir. Bir diğer ihtimal de istenmeyen ifade duyulduğunda kafesin örtülmesidir. Kuş kısa zamanda kendi sesi ile karanlığa atılma arasındaki ilişkiyi kurar. Kafesi sadece beş dakika örtünüz, bundan fazlası kullanışlı olmaz.\r\nEğitim amacı ile, düzenli tekrarlarla derslerinizi takviye etmek için bilgisayara bir mikrofon aracılığı ile kendi sesinizi kaydedin veya kasete kaydedip papağanınıza dinletebilirsiniz. Aynı şekilde olgun bir kuşu da konuşturmak zordur, fakat konuşmayı öğrenmiş bir kuş da yaşamı boyunca kelime hazinesine yenilerini ekleyecektir.\r\n\r\n\r\n\r\n\r\n\r\nPapağanlarda Cinsiyet Ayrımı Nasıl Yapılır?\r\n\r\n\r\nPapağanların cinsiyetini dış görünüşlerinden ayırt etmek oldukça zordur. Cinsiyet ancak endeskopi yada birkaç tüye uygulanacak DNA testi ile kesin olarak belirlenebilir.\r\n\r\n\r\n\r\n\r\n\r\n\r\n\r\nPapağanlarda Üreme\r\n\r\n\r\nPapağanlar çiftleşme dönemlerinde bazı cinslerin özellikle dişilerinde genellikle saldırgan davranışlar sergileyebilirler. Bu dönemde onlara anlayış gösterilmesi ve uzman bir veteriner ile görüşülmesi en doğru davranıştır. Papağanların cinslerine göre üreme dönemleri ve süreleri farklılık gösterir. Bu konuya Papağanların Cinsleri bölümünde her cins için ayrı ayrı yer verilmiştir. Lütfen geniş bilgi için Papağan Cinsleri sayfalarımızı ziyaret ediniz.\r\n\r\n\r\n\r\n\r\n\r\nPapağanlarda Beslenme\r\n\r\n\r\nPapağanları sadece çekirdek ile beslemek doğru olmaz.Tam bir beslenme uygulanmazsa normal gelişmesini gösteremez. Gösterişsiz bir papağanın nedeni yanlış ve tek yönlü beslenmedir.Doğal ortamlarında meyve, ağaç kabuğu, yeşillik, bitki tohumları, fındıkgiller, çiçek özleri, soğanlı ve yumrulu kökler, böcekler ve solucanlarla beslenirler. Evcil bir kuş sahibi ne verirse onu yemek zorunda kalır.Gerekli vitaminleri alabilmeleri için ara sıra çekirdeğin dışında; Kabuklu Kabuksuz Fındık, Ceviz, Fıstık, Badem, Mısır, Antep Fıstığı, Yulaf, Buğday, Keten tohumu verilebilir. Meyvelerden; Elma, Armut, Üzüm, Ayva, Muz, Çilek, Kiraz, Vişne, Mandalina, Tatlı Portakal verebilirsiniz. Vereceğiniz meyveler insanların yediği gibi yıkanmalı kurulanmalı veya suları süzülmelidir. Tüm yiyecekler oda sıcaklığında olmalıdır.\r\nHer papağan şimdiye kadar saydığımız yiyecekleri aynı ölçüde sevmeye bilir. Papağanınıza seçme hakkı tanıyınız ve sevdiği yiyecekleri veriniz. Meyve, sebze, bitkiler çabuk bozulurlar. Bu yiyeceklerin artıklarını bozulmaya başlamadan önce kafesten uzaklaştırın. yiyecekler çok zahmet veriyor ve etrafı kirletiyor diye, sürekli aynı yemle beslemeyin. Bir papağan da, yalnızca biyolojik ihtiyaçlarından dolayı yemek yemez. Zevk için ve sevdiği için de yem yerler. Bu yüzden siz özenerek ve belki de çok para vererek aldığınız yeme kuşunuz tenezzül etmez ise ona darılmayın. Ya hiç yemediği için tadını alamamıştır yada o yeme karşı antipatisi vardır. Papağan canı sıkıldığı zaman oburluk eden bir yaratık değildir.Yemini aralıklı olarak küçük porsiyonlar halinde yer. Yemini alıştığı yerde devamlı görmek ister, ve içinden istediğini istediği zamanlarda yer. O yüzden mutlaka yemliğinde yemleri olmalıdır.\r\n\r\n\r\n\r\n\r\n\r\n\r\nPAPAĞANLARIN BAKIMI\r\n\r\n\r\nKafes Temizliği\r\nKafes seçiminin Papağanın boyuna ve özelliğine uygun olarak seçilmesi gereklidir. Kafes seçimi ile ilgili mağazalarımızdaki satış elemanlarımızdan da tavsiye alabilirsiniz. Ayrıca Aksesuar ve oyuncak seçerken dikkat edilmesi gereken en önemli unsur papağanın boyuna ve cinsine uygun boyda dizayn edilmiş olmasına dikkat etmektir.\r\nPapağanınızın kafesini temiz tutmanız sağlığı açısından önemlidir. Kirlenmesini beklemeden haftada 2 veya 3 defa kafesini temizleyin. Kafesin altına mağazalarımızda da satılan kuş kumu dökün bu papağanınız için önemlidir. Papağanınız kumun içerisinde bulunan mineralleri ve küçük taşları, yiyecek bunlar sindirimini kolaylaştıracaktır aynı zamanda gagasını bu taşlarla törpüleyecektir.\r\n\r\nTırnakların Bakımı\r\nFazla uzamış tırnaklar papağanınızın hareketini zorlaştıracaktır. Uzamış tırnaklar kıvrılmaya başlar bunu fark edebilirsiniz. Bunun için papağanınızı veterinerinize veya kliniklerimizden birine götürüp tırnak bakımını yaptırmalısınız.\r\n\r\n\r\n\r\nSu ve Yem Kaplarının Temizlenmesi\r\nGünde iki defa bitmesini beklemeden sularını değiştirmelisiniz. Sularını değiştirirken su kaplarını bir fırçayla temizlemelisiniz.\r\n\r\n\r\nSpreyleme ve Yıkama\r\nPapağanları temiz ve sağlıklı tutmak için banyo yaptırmak kesinlikle önemlidir.Banyo yaptırmazsanız tüyler kuru ve buruşuk olur. Bu durumda Papağanınızı tüy yolmaya teşvik eder. İlk önce kafes temizliğini yapın su ve yiyecek kaplarını çıkartın. Kullanılacak en iyi cihaz ılık suyla doldurulmuş bitki spreyidir. Spreyin püskürtmesi sis gibi olmalıdır.Başlangıçta çoğu kuş spreyden rahatsız olur. Bu ilk şüphenin üstesinden gelmek için spreyi yukarı doğru yönlendirin su damlaları yukarıdan yağmur izlenimini uyandıracaktır. Spreyi hiçbir zaman papağana direk tutarak sıkmayınız. Zamanla spreyin görünmesiyle papağanlar heyecanlanır ve bağırırlar. Papağanları haftada 2-3 kez banyo yaptırabilirsiniz.Bu size tüyleri iyi durumda ve zararlı parazitlerden temizlenmiş olarak tutulmasında yardımcı olur.\r\n\r\n\r\n\r\n\r\n\r\n\r\nPapağanlar Korktukları Zaman Nasıl Davranırlar?\r\n\r\n\r\nÇevremizdeki birçok şeyin gürültülü olduğu bir gerçektir. Bu gürültülerin bazıları papağanınızı korkutur. Papağanınız korktuğu zaman vücudunu inceltir, tüylerini vücuduna tamamen yapıştırır, boynunu yukarı doğru iyice uzatır.\r\nGök gürültüsü, silah sesleri, sert kapı çarpmaları vb. sesler papağanı çok korkutur. Gürültü meydana geldiğinde papağan karanlıkta ise lambaları yakmak veya aydınlık bir yere almak papağanı rahatlatacaktır. Bu tür seslerin vermiş olduğu korku kalp krizlerine sebep olabilmektedir.\r\n\r\n\r\n\r\n\r\n\r\n\r\nPapağanlar Yalnız Kalabilirler mi?\r\n\r\n\r\nHayır, papağanlar yalnız kalmaktan hoşlanmazlar, devamlı ailenin yanında beraber olmak, söze karışıp varlığını hissettirmek isterler. Ev içinde kafesin dışında dolaşmak çok hoşlarına gider. Serbest dolaşanların tüyleri daha düzgün ve bakımlı olur. Gerekli tedbirleri alıp (Kapı pencere vb. yerleri kapatıp) sık sık dışarıya çıkartınız.\r\n\r\n\r\n\r\n\r\n\r\nPapağanlar Sıcaktan Bunaldıklarında Ne Yapılmalıdır?\r\n\r\n\r\nSıcak yaz günlerinde kuşunuz yine vücudunu inceltir kanatlarını yere indirir. Gagasını açık tutar bu havanın çok sıcak olmasından dolayı kuşunuzun bunaldığını gösterir. Papağana hemen duş yaptırmalısınız. Bir su spreyi ile yukarıdan üzerine gelecek şekilde püskürtün kanatları ıslanınca rahatlayacaktır.\r\n\r\n\r\n\r\n\r\n\r\nPapağanlar Huzurlu mu Yoksa Hasta mı Nasıl Anlarız?\r\n\r\n\r\nPapağanınız sevimli bir yün yumağı gibi yusyuvarlak tünemiş ise bir ayağını kendine çekmiş tek ayak üzerinde kendi kendine gagasını çatırdatıyorsa, çok mutlu ve huzur içindedir.Onu bu durumda rahatsız etmeyin.\r\nEğer günün uzun saatlerini uyuyarak geçiriyorsa hareketleri yavaş ve isteksiz ise gagasını sık sık tüylerinin arasına sokuyorsa bu hastalık belirtisidir. En yakın veterinere veya kliniklerimizden birine götürünüz veya bu durumu anlatınız.\r\n\r\n\r\n\r\n\r\n\r\nPapağanların Kızgın ve Saldırıya Geçeceğini Nasıl Anlarız?\r\n\r\n\r\nKuşunuz kanatlarını havaya doğru açıyor, gagası açık ve boşluğa doğru gagalama hareketleri yapıyorsa, kızgın demektir. Bu saldırıya geçeceğinin işaretidir. Sakinleşinceye kadar yalnız bırakabilirsiniz.\r\n\r\n\r\n\r\n\r\n\r\n\r\nPapağanlar İlgi Çekmek İçin Nasıl Davranırlar?\r\n\r\n\r\nBazen papağanınız uçuyormuş gibi kanatlarını sesli sesli çırpar ve en vahşi çığlıklarını atar. Bu ani saldırı hareketi çevresini korkutmak içindir. Eğer kuşunuzun çağırmalarına cevap vermezseniz ve uzun süre onunla ilgilenmezseniz, dikkat çekmek ve kendisiyle ilgilenilmesini sağlamak için bu yola başvuracaktır.\r\n\r\n\r\n\r\n\r\n\r\nPapağanlar Sizden Bir şey İstediğinde Nasıl Davranırlar?\r\n\r\n\r\nSizin bulunduğunuz yerde papağanınız bir şey istiyorsa önce tek sesli bir ıslık çalar, sonra çaresiz bir yavru gibi kanatlarını titretir, bu arada parmaklarından birini de çekiştirir.\r\n\r\n\r\n\r\n\r\n\r\nPapağanlar Sıkıldıklarını Nasıl Belli Ederler?\r\n\r\n\r\nKendisinin sık sık ve dikkatle incelendiğini hisseden bir papağan sıkılganlık duyabilir. Kafasını kaşır, bir ayağı ile diğerinin üzerine basar, kendi ekseni etrafında döner. Bu zamanlarda ona ilgi göstermelisiniz.\r\n\r\n\r\n\r\n\r\n\r\nPapağanınız Ensesini Kaşıtmak İsterse Nasıl Davranır?\r\n\r\n\r\nVücudunu hafifçe bükerek ve başını eğerek size yaklaşıyorsa, ensesini kaşıtmak istiyor demektir.Buna tüm papağanların ihtiyacı vardır. Bu iş için iki parmağınızı kullanınız. Bütün parmaklarınızı açarak elinizi uzatırsanız korkabilir. Eğer onun hoşuna gittiği gibi kaşırsanız o da gagasının altı ile sizin elinize sürtünmeye başlar.Bu ısırmak için değildir.O da sizi kaşımak istiyordur.Belki çok çok hafif bir ısırma veya gagalama olabilir.Fakat korkmayın. Kesinlikle elinizi korkuyla geri çekmeyin. Böyle bir hareket kuşunuzu gerçekten korkmasına ve sizi gagalamasına neden olabilir. Bunu isteyerek yapmaz korktuğu için gösterdiği reflekssel bir reaksiyondur. Kaşınması geçipte yeterince okşandığında gidecektir veya gagasıyla elinizi yana doğru itecektir.\r\n\r\n\r\n\r\n\r\n\r\n\r\nPapağanlar Ne Tip Oyunlardan Hoşlanırlar?\r\n\r\n\r\nPapağan için en güzel oyuncak kendirden yapılmış üstünde düğümler bulunan bir parça ip, sert içi dolu lastik bir top, 10 cm boyunda kesilmiş üzeri kabuklu yaş ağaç dallarıdır. Kafese asılmış ayna, çan veya ses çıkartan çıngıraklar papağanların sinirlerini bozar. Başlarını kafesin içerisinde sağa sola vurmalarına neden olabilir.','2021-08-03 19:37:49.508929',1,'images/kakadu-papaganı_cb7EIkm.jpg',2);
/*!40000 ALTER TABLE `blog_post` ENABLE KEYS */;
UNLOCK TABLES;

--
-- Table structure for table `contact_contact`
--

DROP TABLE IF EXISTS `petapp`.`contact_contact`;
/*!40101 SET @saved_cs_client     = @@character_set_client */;
/*!50503 SET character_set_client = utf8mb4 */;
CREATE TABLE `petapp`.`contact_contact` (
  `id` int NOT NULL AUTO_INCREMENT,
  `email` varchar(254) NOT NULL,
  `subject` varchar(255) NOT NULL,
  `message` longtext NOT NULL,
  PRIMARY KEY (`id`)
) ENGINE=InnoDB AUTO_INCREMENT=4 DEFAULT CHARSET=utf8mb4 COLLATE=utf8mb4_0900_ai_ci;
/*!40101 SET character_set_client = @saved_cs_client */;

--
-- Dumping data for table `contact_contact`
--

LOCK TABLES `petapp`.`contact_contact` WRITE;
/*!40000 ALTER TABLE `contact_contact` DISABLE KEYS */;
INSERT INTO `petapp`.`contact_contact` VALUES (1,'seliminan14543@gmail.com','Yorum butonunun çalışmaması','Başta her şey çok güzel giderken şimdi yorum butonu çalışmadığı için yorum yapamıyorum.Lütfen en kısa sürede ilgilenirseniz çok sevirinim.'),(2,'ridvangs77@gmail.com','Kötü yorumların olması','Merhabalar admin bey.Blog yazılarında gördüğüm kadarıyla kötü yorumları fark etmeden veya isteyerek onaylamışşınız.Lütfen daha fazla dikkat edin.'),(3,'furkan_sarica59@gmail.com','Kayıt olurken sorun yaşıyorum','Merhabalar, defalarca kurallara uygun bir şekilde yaptığım halde kayıt olamıyorum.Sanırım bir hata oluştu.');
/*!40000 ALTER TABLE `contact_contact` ENABLE KEYS */;
UNLOCK TABLES;

--
-- Table structure for table `django_admin_log`
--

DROP TABLE IF EXISTS `petapp`.`django_admin_log`;
/*!40101 SET @saved_cs_client     = @@character_set_client */;
/*!50503 SET character_set_client = utf8mb4 */;
CREATE TABLE `petapp`.`django_admin_log` (
  `id` int NOT NULL AUTO_INCREMENT,
  `action_time` datetime(6) NOT NULL,
  `object_id` longtext,
  `object_repr` varchar(200) NOT NULL,
  `action_flag` smallint unsigned NOT NULL,
  `change_message` longtext NOT NULL,
  `content_type_id` int DEFAULT NULL,
  `user_id` int NOT NULL,
  PRIMARY KEY (`id`),
  KEY `django_admin_log_content_type_id_c4bce8eb_fk_django_co` (`content_type_id`),
  KEY `django_admin_log_user_id_c564eba6_fk_auth_user_id` (`user_id`),
  CONSTRAINT `django_admin_log_content_type_id_c4bce8eb_fk_django_co` FOREIGN KEY (`content_type_id`) REFERENCES `django_content_type` (`id`),
  CONSTRAINT `django_admin_log_user_id_c564eba6_fk_auth_user_id` FOREIGN KEY (`user_id`) REFERENCES `auth_user` (`id`),
  CONSTRAINT `django_admin_log_chk_1` CHECK ((`action_flag` >= 0))
) ENGINE=InnoDB AUTO_INCREMENT=72 DEFAULT CHARSET=utf8mb4 COLLATE=utf8mb4_0900_ai_ci;
/*!40101 SET character_set_client = @saved_cs_client */;

--
-- Dumping data for table `django_admin_log`
--

LOCK TABLES `petapp`.`django_admin_log` WRITE;
/*!40000 ALTER TABLE `django_admin_log` DISABLE KEYS */;
INSERT INTO `petapp`.`django_admin_log` VALUES (1,'2021-07-31 21:16:49.684430','1','Kuşlar Uçmuyor',1,'[{\"added\": {}}]',7,2),(2,'2021-08-01 13:13:36.943993','1','Comment Çok güzel bir şeydi. by Ridvan',2,'[{\"changed\": {\"fields\": [\"Active\"]}}]',8,2),(3,'2021-08-01 15:15:00.699368','1','Pakistan Papağanı',1,'[{\"added\": {}}]',9,2),(4,'2021-08-01 15:15:19.433918','2','Sevda Papağanı',1,'[{\"added\": {}}]',9,2),(5,'2021-08-01 15:15:33.571358','3','Beagle',1,'[{\"added\": {}}]',9,2),(6,'2021-08-01 15:15:50.627980','4','Husky',1,'[{\"added\": {}}]',9,2),(7,'2021-08-01 15:16:12.554874','5','Kakadu Papağanı',1,'[{\"added\": {}}]',9,2),(8,'2021-08-01 15:16:29.830225','6','Bulldog',1,'[{\"added\": {}}]',9,2),(9,'2021-08-01 19:50:24.264174','2','Köpekler Çok Tatlı',1,'[{\"added\": {}}]',7,2),(10,'2021-08-03 17:18:14.595840','7','Muhabbet Kuşu',1,'[{\"added\": {}}]',9,2),(11,'2021-08-03 17:19:21.165827','8','Hint Bülbülü',1,'[{\"added\": {}}]',9,2),(12,'2021-08-03 17:20:34.408260','9','Sultan Papağanı',1,'[{\"added\": {}}]',9,2),(13,'2021-08-03 17:21:32.585072','10','Jako Papağanı',1,'[{\"added\": {}}]',9,2),(14,'2021-08-03 17:23:48.519486','11','Kakadu Papağanı',1,'[{\"added\": {}}]',9,2),(15,'2021-08-03 17:24:55.991663','12','Konur Papağanı',1,'[{\"added\": {}}]',9,2),(16,'2021-08-03 17:26:47.228591','13','Ara Macaw Papağanı',1,'[{\"added\": {}}]',9,2),(17,'2021-08-03 17:27:52.871210','14','Senegal Papağanı',1,'[{\"added\": {}}]',9,2),(18,'2021-08-03 17:30:32.901072','15','İran Kedisi',1,'[{\"added\": {}}]',9,2),(19,'2021-08-03 17:32:25.932041','16','British Shorthair',1,'[{\"added\": {}}]',9,2),(20,'2021-08-03 17:33:45.562303','17','Maine Coon',1,'[{\"added\": {}}]',9,2),(21,'2021-08-03 17:35:41.517627','18','Scottish Fold',1,'[{\"added\": {}}]',9,2),(22,'2021-08-03 17:36:53.345558','19','American Shorthair',1,'[{\"added\": {}}]',9,2),(23,'2021-08-03 18:18:33.511907','20','Exotic Shorthair',1,'[{\"added\": {}}]',9,2),(24,'2021-08-03 18:20:05.917405','21','Birman Kedisi',1,'[{\"added\": {}}]',9,2),(25,'2021-08-03 18:21:50.516109','22','Tiffanie Kedisi',1,'[{\"added\": {}}]',9,2),(26,'2021-08-03 18:23:27.782946','23','Van Kedisii',1,'[{\"added\": {}}]',9,2),(27,'2021-08-03 18:24:33.808932','24','Bengal Kedisi',1,'[{\"added\": {}}]',9,2),(28,'2021-08-03 18:26:58.556054','25','Golden Retriever',1,'[{\"added\": {}}]',9,2),(29,'2021-08-03 18:27:40.374477','26','Chivava',1,'[{\"added\": {}}]',9,2),(30,'2021-08-03 18:29:04.033323','27','Boston Terrier',1,'[{\"added\": {}}]',9,2),(31,'2021-08-03 18:29:57.633296','28','Jack Russell Terrier',1,'[{\"added\": {}}]',9,2),(32,'2021-08-03 18:31:06.771101','29','Pug',1,'[{\"added\": {}}]',9,2),(33,'2021-08-03 18:32:00.128658','30','Maltipoo',1,'[{\"added\": {}}]',9,2),(34,'2021-08-03 18:32:50.524503','31','Pomeranian Boo',1,'[{\"added\": {}}]',9,2),(35,'2021-08-03 18:38:50.121423','1','seliminan14543@gmail.com',2,'[]',10,2),(36,'2021-08-03 18:40:02.030137','2','ridvangs77@gmail.com',2,'[]',10,2),(37,'2021-08-03 18:42:11.278809','2','Köpek Beslerken Nelere Dikkat Etmeliyiz.',2,'[{\"changed\": {\"fields\": [\"Title\"]}}]',7,2),(38,'2021-08-03 18:46:21.962341','3','Muhabbet Kuşu Bakımı Nasıl Yapılır?',1,'[{\"added\": {}}]',7,2),(39,'2021-08-03 18:48:20.686372','1','Kuşlar',2,'[{\"changed\": {\"fields\": [\"Title\", \"Slug\", \"Content\", \"Cover\"]}}]',7,2),(40,'2021-08-03 18:52:25.691587','4','Sokak Hayvani',1,'[{\"added\": {}}]',7,2),(41,'2021-08-03 18:53:19.845916','4','Sokak Hayvanları Hakkında Bilinen 12 Yanlış Bilgi',2,'[{\"changed\": {\"fields\": [\"Title\"]}}]',7,2),(42,'2021-08-03 18:55:54.170952','5','Sokak Hayvanlara Yardım Etmenin 10 Yolu',1,'[{\"added\": {}}]',7,2),(43,'2021-08-03 18:56:48.077458','6','Devam et',1,'[{\"added\": {}}]',7,2),(44,'2021-08-03 18:59:12.816181','7','Evcil Hayvanların Bakımı Nasıl Yapılmalıdır?',1,'[{\"added\": {}}]',7,2),(45,'2021-08-03 19:01:23.184221','8','Evcil Hayvan Bilgileri',1,'[{\"added\": {}}]',7,2),(46,'2021-08-03 19:05:12.427789','9','Evcil hayvan sahibi olmak isteyenlere her duruma hazırlayıcı 6 öneri',1,'[{\"added\": {}}]',7,2),(47,'2021-08-03 19:09:33.675505','10','Yavru ya da yetişkin kediye nasıl bakılır?',1,'[{\"added\": {}}]',7,2),(48,'2021-08-03 19:12:10.263823','11','KEDİ SAĞLIĞI VE BAKIMI',1,'[{\"added\": {}}]',7,2),(49,'2021-08-03 19:19:03.650760','12','Bir köpeğe nasıl bakılır?',1,'[{\"added\": {}}]',7,2),(50,'2021-08-03 19:21:10.517149','12','Bir köpeğe nasıl bakılır?',2,'[{\"changed\": {\"fields\": [\"Content\"]}}]',7,2),(51,'2021-08-03 19:23:20.984260','13','KÖPEK SAĞLIĞI VE BAKIM',1,'[{\"added\": {}}]',7,2),(52,'2021-08-03 19:23:51.389765','14','Arkadaş',1,'[{\"added\": {}}]',7,2),(53,'2021-08-03 19:27:39.880372','15','Evde Kuş Nasıl Bakılır?',1,'[{\"added\": {}}]',7,2),(54,'2021-08-03 19:32:14.770742','16','Muhabbet Kuşu Eğitimi Hakkında Bilgiler',1,'[{\"added\": {}}]',7,2),(55,'2021-08-03 19:37:49.521929','17','Papağan nasıl bakılır?',1,'[{\"added\": {}}]',7,2),(56,'2021-08-04 12:20:39.664098','2','Comment Tam papağan bakmayı düşündüğüm zamanda ilaç gibi gelen post teşekkür ederim. by Serkan',2,'[{\"changed\": {\"fields\": [\"Active\"]}}]',8,2),(57,'2021-08-04 12:22:23.994493','3','Comment Bir kakadu papağanı bakan bir birey olarak  doğruları yazan bir post görmek beni çok mutlu etti. by Ayça',2,'[{\"changed\": {\"fields\": [\"Active\"]}}]',8,2),(58,'2021-08-04 12:26:03.481225','6','Comment Kısa ve öz olan bu yazıyı beğendim. by Büşra',2,'[{\"changed\": {\"fields\": [\"Active\"]}}]',8,2),(59,'2021-08-04 12:27:29.246907','7','Comment Ben bu yazıyı ve blogta yer alan yazıları çok yetersiz buldum.Çünkü bu yazıların üstüne değinecek bir sürü konu var.Lütfen buna dikkat ediniz. by Aykut',2,'[{\"changed\": {\"fields\": [\"Active\"]}}]',8,2),(60,'2021-08-04 12:30:19.624513','8','Comment Benim kedimde resimdeki kedi türünden.Bu kedinin bakımı zahmetli ama kendisi çok tatlı. by Gizem',2,'[{\"changed\": {\"fields\": [\"Active\"]}}]',8,2),(61,'2021-08-04 12:31:20.678681','9','Comment Bu yararlı bilgiler için  sağol admin bey. by Yılmaz',2,'[{\"changed\": {\"fields\": [\"Active\"]}}]',8,2),(62,'2021-08-04 12:32:54.513808','10','Comment Ben bu konu hakkında onca kişiyle tartıştım.Tartıştığım konuların burada yer alması güzel olmuş teşekkürler sizlere. by İrem',2,'[{\"changed\": {\"fields\": [\"Active\"]}}]',8,2),(63,'2021-08-04 12:33:50.252873','11','Comment Bu yazıyı beğenmedim. by Semih',2,'[{\"changed\": {\"fields\": [\"Active\"]}}]',8,2),(64,'2021-08-04 12:35:03.101067','12','Comment Ben buradaki bütün postları ve galeri bölümünü çok beğendim ya... by Gülsüm',2,'[{\"changed\": {\"fields\": [\"Active\"]}}]',8,2),(65,'2021-08-04 12:38:39.899537','1','Vets object (1)',1,'[{\"added\": {}}]',11,2),(66,'2021-08-04 12:40:41.920369','2','Vets object (2)',1,'[{\"added\": {}}]',11,2),(67,'2021-08-04 12:42:24.015076','3','Vets object (3)',1,'[{\"added\": {}}]',11,2),(68,'2021-08-04 12:43:47.956592','4','Vets object (4)',1,'[{\"added\": {}}]',11,2),(69,'2021-08-04 12:45:04.767395','5','Vets object (5)',1,'[{\"added\": {}}]',11,2),(70,'2021-08-04 12:46:23.213552','6','Vets object (6)',1,'[{\"added\": {}}]',11,2),(71,'2021-08-04 12:47:34.409241','7','Vets object (7)',1,'[{\"added\": {}}]',11,2);
/*!40000 ALTER TABLE `django_admin_log` ENABLE KEYS */;
UNLOCK TABLES;

--
-- Table structure for table `django_content_type`
--

DROP TABLE IF EXISTS `petapp`.`django_content_type`;
/*!40101 SET @saved_cs_client     = @@character_set_client */;
/*!50503 SET character_set_client = utf8mb4 */;
CREATE TABLE `petapp`.`django_content_type` (
  `id` int NOT NULL AUTO_INCREMENT,
  `app_label` varchar(100) NOT NULL,
  `model` varchar(100) NOT NULL,
  PRIMARY KEY (`id`),
  UNIQUE KEY `django_content_type_app_label_model_76bd3d3b_uniq` (`app_label`,`model`)
) ENGINE=InnoDB AUTO_INCREMENT=12 DEFAULT CHARSET=utf8mb4 COLLATE=utf8mb4_0900_ai_ci;
/*!40101 SET character_set_client = @saved_cs_client */;

--
-- Dumping data for table `django_content_type`
--

LOCK TABLES `petapp`.`django_content_type` WRITE;
/*!40000 ALTER TABLE `django_content_type` DISABLE KEYS */;
INSERT INTO `petapp`.`django_content_type` VALUES (1,'admin','logentry'),(3,'auth','group'),(2,'auth','permission'),(4,'auth','user'),(8,'blog','comment'),(7,'blog','post'),(10,'contact','contact'),(5,'contenttypes','contenttype'),(9,'gallery','image'),(6,'sessions','session'),(11,'vets','vets');
/*!40000 ALTER TABLE `django_content_type` ENABLE KEYS */;
UNLOCK TABLES;

--
-- Table structure for table `django_migrations`
--

DROP TABLE IF EXISTS `petapp`.`django_migrations`;
/*!40101 SET @saved_cs_client     = @@character_set_client */;
/*!50503 SET character_set_client = utf8mb4 */;
CREATE TABLE `petapp`.`django_migrations` (
  `id` int NOT NULL AUTO_INCREMENT,
  `app` varchar(255) NOT NULL,
  `name` varchar(255) NOT NULL,
  `applied` datetime(6) NOT NULL,
  PRIMARY KEY (`id`)
) ENGINE=InnoDB AUTO_INCREMENT=27 DEFAULT CHARSET=utf8mb4 COLLATE=utf8mb4_0900_ai_ci;
/*!40101 SET character_set_client = @saved_cs_client */;

--
-- Dumping data for table `django_migrations`
--

LOCK TABLES `petapp`.`django_migrations` WRITE;
/*!40000 ALTER TABLE `django_migrations` DISABLE KEYS */;
INSERT INTO `petapp`.`django_migrations` VALUES (1,'contenttypes','0001_initial','2021-07-31 21:08:32.049484'),(2,'auth','0001_initial','2021-07-31 21:08:32.465489'),(3,'admin','0001_initial','2021-07-31 21:08:33.627696'),(4,'admin','0002_logentry_remove_auto_add','2021-07-31 21:08:33.860045'),(5,'admin','0003_logentry_add_action_flag_choices','2021-07-31 21:08:33.889681'),(6,'contenttypes','0002_remove_content_type_name','2021-07-31 21:08:34.150673'),(7,'auth','0002_alter_permission_name_max_length','2021-07-31 21:08:34.610595'),(8,'auth','0003_alter_user_email_max_length','2021-07-31 21:08:34.706604'),(9,'auth','0004_alter_user_username_opts','2021-07-31 21:08:34.729605'),(10,'auth','0005_alter_user_last_login_null','2021-07-31 21:08:34.856599'),(11,'auth','0006_require_contenttypes_0002','2021-07-31 21:08:34.865612'),(12,'auth','0007_alter_validators_add_error_messages','2021-07-31 21:08:34.892608'),(13,'auth','0008_alter_user_username_max_length','2021-07-31 21:08:35.042594'),(14,'auth','0009_alter_user_last_name_max_length','2021-07-31 21:08:35.179604'),(15,'auth','0010_alter_group_name_max_length','2021-07-31 21:08:35.266590'),(16,'auth','0011_update_proxy_permissions','2021-07-31 21:08:35.293599'),(17,'blog','0001_initial','2021-07-31 21:08:35.396595'),(18,'blog','0002_comment','2021-07-31 21:08:35.584607'),(19,'blog','0003_auto_20210731_1500','2021-07-31 21:08:35.960215'),(20,'blog','0004_auto_20210731_1505','2021-07-31 21:08:36.141215'),(21,'blog','0005_auto_20210731_1649','2021-07-31 21:08:36.923023'),(22,'contact','0001_initial','2021-07-31 21:08:36.988014'),(23,'gallery','0001_initial','2021-07-31 21:08:37.049007'),(24,'sessions','0001_initial','2021-07-31 21:08:37.108014'),(25,'vets','0001_initial','2021-07-31 21:08:37.228050'),(26,'blog','0006_auto_20210801_1612','2021-08-01 13:12:13.048871');
/*!40000 ALTER TABLE `django_migrations` ENABLE KEYS */;
UNLOCK TABLES;

--
-- Table structure for table `django_session`
--

DROP TABLE IF EXISTS `petapp`.`django_session`;
/*!40101 SET @saved_cs_client     = @@character_set_client */;
/*!50503 SET character_set_client = utf8mb4 */;
CREATE TABLE `petapp`.`django_session` (
  `session_key` varchar(40) NOT NULL,
  `session_data` longtext NOT NULL,
  `expire_date` datetime(6) NOT NULL,
  PRIMARY KEY (`session_key`),
  KEY `django_session_expire_date_a5c62663` (`expire_date`)
) ENGINE=InnoDB DEFAULT CHARSET=utf8mb4 COLLATE=utf8mb4_0900_ai_ci;
/*!40101 SET character_set_client = @saved_cs_client */;

--
-- Dumping data for table `django_session`
--

LOCK TABLES `petapp`.`django_session` WRITE;
/*!40000 ALTER TABLE `django_session` DISABLE KEYS */;
/*!40000 ALTER TABLE `django_session` ENABLE KEYS */;
UNLOCK TABLES;

--
-- Table structure for table `gallery_image`
--

DROP TABLE IF EXISTS `petapp`.`gallery_image`;
/*!40101 SET @saved_cs_client     = @@character_set_client */;
/*!50503 SET character_set_client = utf8mb4 */;
CREATE TABLE `petapp`.`gallery_image` (
  `id` int NOT NULL AUTO_INCREMENT,
  `title` longtext NOT NULL,
  `cover` varchar(100) NOT NULL,
  PRIMARY KEY (`id`)
) ENGINE=InnoDB AUTO_INCREMENT=32 DEFAULT CHARSET=utf8mb4 COLLATE=utf8mb4_0900_ai_ci;
/*!40101 SET character_set_client = @saved_cs_client */;

--
-- Dumping data for table `gallery_image`
--

LOCK TABLES `petapp`.`gallery_image` WRITE;
/*!40000 ALTER TABLE `gallery_image` DISABLE KEYS */;
INSERT INTO `petapp`.`gallery_image` VALUES (1,'Pakistan Papağanı','images/pakistan-papagan_jsHKdrV.jpg'),(2,'Sevda Papağanı','images/sevda-papagan_OG1ljhk.jpg'),(3,'Beagle','images/beagle_Mi7bnE3.jpg'),(4,'Husky','images/husky_CB6160l.jpg'),(5,'Kakadu Papağanı','images/kakadu-papagan_AbAe4gR.jpg'),(6,'Bulldog','images/bulldog_Tqy7d4Q.jpg'),(7,'Muhabbet Kuşu','images/muhabbet-kusu.jpg'),(8,'Hint Bülbülü','images/hint-bulbulu.jpg'),(9,'Sultan Papağanı','images/sultan-papaganı.jpg'),(10,'Jako Papağanı','images/jako-papaganı.jpg'),(11,'Kakadu Papağanı','images/kakadu-papaganı.jpg'),(12,'Konur Papağanı','images/konur-papaganı.jpg'),(13,'Ara Macaw Papağanı','images/ara-macaw.jpg'),(14,'Senegal Papağanı','images/senegal-papaganı.jpg'),(15,'İran Kedisi','images/iran-kedisi.jpg'),(16,'British Shorthair','images/british-shorthair.jpg'),(17,'Maine Coon','images/maine-coon.jpg'),(18,'Scottish Fold','images/scottish-fold.jpg'),(19,'American Shorthair','images/american-shorthair.jpg'),(20,'Exotic Shorthair','images/exotic-shorthair.jpg'),(21,'Birman Kedisi','images/birman-kedisi.jpg'),(22,'Tiffanie Kedisi','images/Tiffanie-kedisi.jpg'),(23,'Van Kedisii','images/van-kedisi1.jpg'),(24,'Bengal Kedisi','images/bengal-kedisi.jpg'),(25,'Golden Retriever','images/golden-retriever.jpg'),(26,'Chivava','images/sivava.jpg'),(27,'Boston Terrier','images/Boston-Terrier.jpg'),(28,'Jack Russell Terrier','images/jack-russell.jpg'),(29,'Pug','images/pug.jpg'),(30,'Maltipoo','images/maltipoo.jpg'),(31,'Pomeranian Boo','images/Pomeranian-boo.jpg');
/*!40000 ALTER TABLE `gallery_image` ENABLE KEYS */;
UNLOCK TABLES;

--
-- Table structure for table `vets_vets`
--

DROP TABLE IF EXISTS `petapp`.`vets_vets`;
/*!40101 SET @saved_cs_client     = @@character_set_client */;
/*!50503 SET character_set_client = utf8mb4 */;
CREATE TABLE `petapp`.`vets_vets` (
  `id` int NOT NULL AUTO_INCREMENT,
  `number` decimal(3,0) NOT NULL,
  `name` varchar(100) NOT NULL,
  `surname` varchar(120) NOT NULL,
  `department` varchar(80) NOT NULL,
  `description` longtext NOT NULL,
  `clinic_address` varchar(200) NOT NULL,
  `image` varchar(100) NOT NULL,
  PRIMARY KEY (`id`),
  UNIQUE KEY `number` (`number`)
) ENGINE=InnoDB AUTO_INCREMENT=8 DEFAULT CHARSET=utf8mb4 COLLATE=utf8mb4_0900_ai_ci;
/*!40101 SET character_set_client = @saved_cs_client */;

--
-- Dumping data for table `vets_vets`
--

LOCK TABLES `petapp`.`vets_vets` WRITE;
/*!40000 ALTER TABLE `petapp`.`vets_vets` DISABLE KEYS */;
INSERT INTO `petapp`.`vets_vets` VALUES (1,1,'Temple','Grandin','PhD in Animal Science','Dr. Grandin is a world renowned expert in animal restraint, handling and behavior, and teaches at Colorado State University in Fort Collins, Colorado. Her designs for animal transportation, movement and processing are used at nearly half of the meat plants in the U.S. Her experience and expertise include an emphasis on animal welfare and their rights, from birth to the processing plant.','University of Illinois','images/temple-grandin.jpg'),(2,2,'Mark','Kittleson','DVM','He has also been the primary speaker at veterinary meetings numerous times worldwide. Dr. Kittleson is board certified in Cardiology by the American College of Veterinary Internal Medicine (ACVIM) and has been President of the Specialty of Cardiology of ACVIM and Chairman of the Board of Regents of ACVIM. He has also served as associate editor for the Journal of Veterinary Internal Medicine. Dr. Kittleson is currently a cardiology consultant on the Veterinary Information Network (VIN), an organization dedicated to consulting and continuing education of veterinarians, student, and staff.','University of Minnesota,','images/mark-kittleson.jpg'),(3,3,'Ellen','Behrend','VMD','Dr. Behrend loves cats and dogs, but calls herself a cat person. After vet school, she completed internships at Michigan State University and Colorado State University, from which she received a Master’s Degree in 1994. Her focus of study and research has been in canine and feline endocrinology, most specifically Cushing’s disease (diseases of the adrenal glands, which produce adrenaline).','University of Pennsylvania','images/ellen-behrend.jpg'),(4,4,'Susan','Wynn','DVM','After 20 years in private practice, Dr. Wynn specialized in the fields of nutrition and holistic medicine. She is certified in acupuncture, and Chinese and Western herbal medicine. She has co-authored four books on veterinary holistic medicine, including the latest, Veterinary Herbal Medicine (2007). In 2002, she founded the Veterinary Botanical Medicine Association. She has consulted for government health agencies and pet nutrition companies around the world, and speaks on the subjects of nutrition and holistic medicine. She has served as the president of the American Academy of Veterinary Acupuncture and the American Holistic Veterinary Medical Association. She is an adjunct faculty of the University of Georgia College of Veterinary Medicine, and is a featured consultant for the Veterinary Information Network.','University Georgia','images/susan-wynn.jpg'),(5,5,'Allen','Schoen','DVM','Certified Veterinary Acupuncturist, International Veterinary Acupuncture Society, 1982\r\n\r\nNot your average veterinarian, Dr. Schoen is a pioneer in veterinary acupuncture, integrating traditional and alternative medicine. He believes that the mind/body connection is present in animals and people alike. After attaining his veterinary degree, he established the Department of Acupuncture at the Animal Medical Center in New York City, at the time the largest animal hospital in the world.','Cornell University','images/allen-schoen.jpg'),(6,6,'Tim Miller','Morgan','DVM','BS, Wildlife Biology, Washington State University, 1992\r\n\r\nDr. Tim Miller-Morgan is a veterinarian specializing in aquatic animal health and research. Currently, he is the extension veterinarian for the Hatfield Marine Service Center in Newport, Oregon, and a clinical veterinarian in the Aquatic Species/Laboratory Animal Resource Center, both affiliated with the Oregon State University College of Veterinary Medicine. He also is an instructor in the Aquarium Science Program at Oregon Coast Community College.\r\n\r\nDr. Miller-Morgan has over 20 years of experience in aquatic animal medicine, the last 18 of which have focused on fish and aquatic invertebrates. He is the co-creator and instructor in the Aquarium Science Program at Oregon Coast Community College, a program that awards one- and two-year certificates in aquatic animal husbandry.','Washington State University','images/tim-miller-morgan.jpg'),(7,7,'R. Timothy','Bentley','BVSc (Veterinary Medicine)','Residency, Tufts Cummings School of Veterinary Medicine, 2009\r\n\r\nDr. R. Timothy Bentley is an assistant professor in neurology and neurosurgery in the Department of Veterinary Clinical Sciences at Purdue University. He is the director of the Canine Brain Tumor Research Program, a program investigating many aspects of canine brain tumors, including diagnosis, surgery, and chemotherapy. Dr. Bentley’s team works with researchers and surgeons at the Indiana University School of Medicine, and their collaboration results in the discovery of new means of diagnosis and treatment of cancer in companion animals and humans as well.','University of Liverpool','images/timothy-bentley.jpg');
/*!40000 ALTER TABLE `vets_vets` ENABLE KEYS */;
UNLOCK TABLES;
/*!40103 SET TIME_ZONE=@OLD_TIME_ZONE */;

/*!40101 SET SQL_MODE=@OLD_SQL_MODE */;
/*!40014 SET FOREIGN_KEY_CHECKS=@OLD_FOREIGN_KEY_CHECKS */;
/*!40014 SET UNIQUE_CHECKS=@OLD_UNIQUE_CHECKS */;
/*!40101 SET CHARACTER_SET_CLIENT=@OLD_CHARACTER_SET_CLIENT */;
/*!40101 SET CHARACTER_SET_RESULTS=@OLD_CHARACTER_SET_RESULTS */;
/*!40101 SET COLLATION_CONNECTION=@OLD_COLLATION_CONNECTION */;
/*!40111 SET SQL_NOTES=@OLD_SQL_NOTES */;

-- Dump completed on 2021-08-05 19:24:21
